Star Wars Game Boy - Sealled - NEW;400,00 EUR;+25,00 EUR de env칤o;desde Espa침a;
Original Nintendo Game Boy Star Wars Edition-trabajo-Raro;764,92 EUR;+ 56,64 EUR de env칤o estimado;desde Reino Unido;
Vintage 1990s NINTENDO GAME BOY Star Wars juego de Cartucho de v칤deo PAL Versi칩n en Caja;35,29 EUR;+ 17,68 EUR de env칤o estimado;desde Reino Unido;
Star Wars: el imperio contraataca (French)/Nintendo Game Boy m칩dulo & Case;25,99 EUR;+6,90 EUR de env칤o;desde Alemania;
Star Wars-Nintendo Gameboy Game Boy GB-Cartucho Y Estuche;9,41 EUR;+ 17,12 EUR de env칤o estimado;desde Reino Unido;
Star Wars-Nintendo Gameboy Game Boy GB-Cartucho Y Estuche;10,58 EUR;+ 17,15 EUR de env칤o estimado;desde Reino Unido;
Star Wars return of the Jedi Game Boy juego con embalaje original y gu칤a;109,99 EUR;+8,00 EUR de env칤o;desde Alemania;
Star Wars: Flight of the Falcon (Nintendo Game Boy Advance, 2005);19,95 EUR;+13,90 EUR de env칤o;desde Alemania;
Lego Star Wars The Video Game Nintendo Game Boy Advance GBA CARTUCHO s칩lo;5,87 EUR;+7,06 EUR de env칤o;desde Reino Unido;
Nintendo Game Boy Color Star Wars Episode 1 Obi-Wan's Adventures GBC Vers. EUR  ;35,90 EUR;Env칤o no especificado;desde Francia;
Game Boy Star Wars El Imperio Contraataca DMG-eb-noe OVP & instrucciones p칩ster;129,95 EUR;Env칤o no especificado;desde Alemania;
Nintendo Game Boy-Super Star Wars-Return of the Jedi-nuevo-en su embalaje original VGA Ready;1.199,90 EUR;Env칤o no especificado;desde Alemania;
Star Wars episodio 1 Racer Nintendo Game Boy Color BOXED PAL;47,06 EUR;+ 17,92 EUR de env칤o estimado;desde Reino Unido;
Star Wars Yoda historias Nintendo Game Boy Color Original (solo carro);11,76 EUR;+2,94 EUR de env칤o;desde Reino Unido;
Star Wars El Imperio Contraataca Premium Edition Juegos Game Boy Limited Run;117,62 EUR;+ 24,40 EUR de env칤o estimado;desde Reino Unido;
Lego Star Wars II 2 Game Boy Advance Juego! busque en la tienda!;25,83 EUR;+ 17,48 EUR de env칤o estimado;desde Reino Unido;
Star Wars para Nintendo Gameboy CIB en Caja;34,07 EUR;+ 17,65 EUR de env칤o estimado;desde Reino Unido;
Nintendo Gameboy Game Boy Carro de video juego de juego de Star Wars;14,11 EUR;+9,41 EUR de env칤o;desde Reino Unido;
Game Boy Color * Star Wars: Yoda Stories * Wata 9.8 a + + no VGA;2.999,95 EUR;+35,99 EUR de env칤o;desde Alemania;
Nintendo Game Boy - Star Wars - USA;12,99 EUR;+5,00 EUR de env칤o;desde Francia;
Nintendo Game Boy Super Star Wars Return Of The Jedi 游빊Poster Inc.游빊;99,95 EUR;+32,30 EUR de env칤o;desde Pa칤ses Bajos;
Lego Star Wars The Video Game Juego BOY ADVANCE NINTENDO caja y las instrucciones;11,76 EUR;+ 19,46 EUR de env칤o estimado;desde Reino Unido;
Star Wars Jedi Power Battles * Nintendo Game Boy Advance * muy bien probado *;13,41 EUR;+5,99 EUR de env칤o;desde Alemania;
Star Wars episodio 2 ataque de los clones Gameboy Advance En Caja Completa PAL;17,64 EUR;+ 17,30 EUR de env칤o estimado;desde Reino Unido;
Nintendo Game Boy-Star Wars The Empire Strikes Back-limited run Games-nuevo;98,99 EUR;+25,00 EUR de env칤o;desde Alemania;
Star Wars Episode III La Revanche Des Sith - Jeu Nintendo Game Boy Advance GBA;7,99 EUR;+5,00 EUR de env칤o;desde Francia;
Star Wars The Empire Strikes Back Game boy PAL UK Cartucho Envio Combinado ;22,90 EUR;+9,90 EUR de env칤o;desde Espa침a;
Star Wars Flight of the Falcon - Nintendo GameBoy Advance / SP DS;3,89 EUR;+2,99 EUR de env칤o;desde Alemania;
Star Wars El Imperio Contraataca, Limited Run Juegos, Game Boy Blister, Nuevo;64,72 EUR;+ 26,50 EUR de env칤o estimado;desde Reino Unido;
Nintendo Gameboy En Caja Completo-Star Wars Ubisoft;52,91 EUR;+ 18,05 EUR de env칤o estimado;desde Reino Unido;
Lego Star Wars The Video Game Juego BOY ADVANCE GBA PAL en Caja Completo Con Manual;17,64 EUR;+ 17,30 EUR de env칤o estimado;desde Reino Unido;
Nintendo Game Boy Color Games Tomb Raider lego Disney Bomberman croc Star Wars!;10,00 EUR a 60,00 EUR;+7,00 EUR de env칤o;desde Alemania;
Nintendo Game Boy Advance Lego Star Wars El videojuego con embalaje original e instrucciones;19,90 EUR;+8,99 EUR de env칤o;desde Alemania;
Nintendo Game Boy Star Wars;22,95 EUR;+2,95 EUR de env칤o;desde Pa칤ses Bajos;
GBA Game Boy Advance-Star Wars Jedi Power Battles-solo m칩dulo/only Cartridge;4,00 EUR;+25,00 EUR de env칤o;desde Alemania;
Nintendo Game Boy Classic juego Super Star Wars m칩dulo EUR;19,90 EUR;+8,99 EUR de env칤o;desde Alemania;
Star Wars vuelo del halc칩n juego BOY ADVANCE PAL;12,93 EUR;+ 17,19 EUR de env칤o estimado;desde Reino Unido;
Star Wars Yoda Stories Nintendo Game Boy Color Genuino (Solo Tarjeta);15,97 EUR;Env칤o internacional gratis;desde Reino Unido;
Star Wars The Empire Strikes Back limited Nintendo Game boy games run color GBA;79,97 EUR;+14,00 EUR de env칤o;desde B칠lgica;
Star Wars El Imperio Contraataca, Limited Run Juegos, Game Boy Blister, Nuevo;94,14 EUR;+ 23,89 EUR de env칤o estimado;desde Reino Unido;
Star Wars - Nintendo GameBoy Classic #164;18,89 EUR;+2,99 EUR de env칤o;desde Alemania;
Star Wars-Nintendo Game Boy-PAL-SOLO Carro-Funcionando-ukfreepost;10,53 EUR;+ 17,15 EUR de env칤o estimado;desde Reino Unido;
Nintendo Game Boy Advance Paquete De Juegos 6 Hombre Ara침a Lego Star Wars Planeta De Los Simios;24,84 EUR;+9,41 EUR de env칤o;desde Reino Unido;
Nintendo Gameboy Juego-Star Wars episodio I Racer;11,71 EUR;+ 17,17 EUR de env칤o estimado;desde Reino Unido;
Star Wars Trilogy aprendiz de la fuerza Nintendo GameBoy Advance Game Boy GBA;29,42 EUR;+ 21,02 EUR de env칤o estimado;desde Reino Unido;
Jeu Nintendo Gameboy Game Boy Star Wars Un Nouvel Espoir + Notice;49,90 EUR;+13,60 EUR de env칤o;desde Francia;
Lego Star Wars 2 Gameboy Advance Nintendo En Caja Completa PAL;29,41 EUR;+ 17,55 EUR de env칤o estimado;desde Reino Unido;
