Nintendo Game Boy-Trax-Top-Embalaje original-us;599,90 EUR;Env√≠o no especificado;desde Alemania;
Nuevo anuncioTrax | Game Boy üïπ | Very Good Condition üåç;59,00 EUR;+¬†4,00 EUR de env√≠o;desde Pa√≠ses Bajos;
Trax c√≥mo jugar instrucciones Manuale di-Nintendo Gameboy Classic Game Boy;14,99 EUR;Env√≠o no especificado;desde Alemania;
Trax Para Nintendo Game Boy GB PROBADO FUNCIONANDO VER FOTOS solo carro;39,89 EUR;Env√≠o gratis;desde Estados Unidos;
Juego NINTENDO GAMEBOY GAME BOY Trax;26,59 EUR;Env√≠o gratis;desde Estados Unidos;
Trax-Nintendo Game Boy-Completo en Caja Completo En Caja;217,20 EUR;+¬†9,44 EUR de env√≠o;desde Estados Unidos;
Trax (Game Boy, 1991) Ultra Raro Sellado protegido NINTENDO Kirby Hal Labs;443,26 EUR;Env√≠o gratis;desde Estados Unidos;
Tanque de ponkotsu TOTSUGEKI (Nintendo Game Boy) HAL Laboratory Trax completa Cartucho en Caja;168,43 EUR;+¬†3,99 EUR de env√≠o;desde Estados Unidos;
Trax (Nintendo Gameboy, 1991) Aut√©ntico Raro Excelente Estado Con Estuche;40,77 EUR;+¬†4,08 EUR de env√≠o;desde Estados Unidos;
Trax Nintendo Gameboy 1991 aut√©ntico USA Gameboy juego MB;35,45 EUR;+¬†4,21 EUR de env√≠o;desde Estados Unidos;
Trax Game Boy Gb;443,26 EUR;+¬†17,73 EUR de env√≠o;desde M√©xico;
