Nintendo Game Boy * Solomon's Club * módulo chn china;74,95 EUR;+ 6,70 EUR de envío;desde Alemania;
Solomon's Club Para Nintendo Game Boy GB En Caja Con Manual;70,25 EUR;+ 23,27 EUR de envío estimado;desde Reino Unido;
Solomon's Club - PAL ESP - COMPLETO Game Boy *MUY RARO*;350,00 EUR;+ 15,00 EUR de envío;desde España;
Nintendo Game Boy Classic Solomon's Club con embalaje original y guía Noe;99,90 EUR;+ 8,99 EUR de envío;desde Alemania;
Solomon's Club-Tecmo/Nintendo Game Boy módulo & Case (funda);19,99 EUR;+ 6,90 EUR de envío;desde Alemania;
Nintendo Game Boy Solomon's Club FAH état correct;7,90 EUR;+ 11,98 EUR de envío;desde Francia;
Nintendo Game Boy - Solomon's Club - PAL - FAH;12,99 EUR;+ 5,30 EUR de envío;desde Francia;
Solomon's Club-GAMEBOY Juego-UKV;17,55 EUR;+ 17,21 EUR de envío estimado;desde Reino Unido;
Solomon's Club | Game Boy DMG | solo carro;9,36 EUR;+ 17,04 EUR de envío estimado;desde Reino Unido;
Solomon's Club Nintendo Gameboy Juego;15,21 EUR;+ 18,27 EUR de envío;desde Reino Unido;
Rare - Solomon's Club   - Jeu - Game Boy Nintendo - ITA;4,99 EUR;+ 10,00 EUR de envío;desde Francia;
Solomon's Club Gameboy Nintendo envío rápido ⚡;9,99 EUR;+ 9,00 EUR de envío;desde Alemania;
Solomon's Club con instrucciones Gameboy envío rápido ⚡;14,99 EUR;+ 9,00 EUR de envío;desde Alemania;
