Bionic Commando  - Nintendo Gameboy Game Boy GB - Complet - NTSC-J JAP JAPAN;144,90 EUR;+ 24,90 EUR de envío;desde Francia;
Nuevo anuncioBionic Commando Nintendo Game Boy Gameboy Original En Caja Completa PAL UKV;222,67 EUR;+ 9,38 EUR de envío;desde Reino Unido;
Nintendo Game Boy * Bionic Commando * EMBALAJE ORIGINAL CiB Guía funda protectora BO-EE. UU.;449,95 EUR;+ 6,70 EUR de envío;desde Alemania;
Genuine Bionic Commando de vídeo juego para Nintendo Game Boy japonés Probado;41,01 EUR;+ 17,73 EUR de envío estimado;desde Reino Unido;
Bionic Commando Original Nintendo Gameboy Cartucho sólo PAL UK ukv;29,29 EUR;+ 17,47 EUR de envío estimado;desde Reino Unido;
Bionic Commando Game Boy USA ;40,00 EUR;Envío internacional gratis;desde Francia;
✨ Bionic Commando Game Boy CGB06 1992 Nintendo Boxed GB DMG-BOJ ✨;179,00 EUR;+ 28,10 EUR de envío;desde Francia;
Bionic Commando Nintendo Game Boy GB Jap NTSC;157,00 EUR;+ 36,00 EUR de envío;desde Francia;
Nintendo Gameboy Juego-Bionic Commando Capcom USA;46,82 EUR;+ 17,85 EUR de envío estimado;desde Reino Unido;
Game Boy GB:Bionic Commando [TOP CAPCOM & 1ERE EDITION RARE] Jap;99,90 EUR;+ 30,30 EUR de envío;desde Francia;
Gameboy Bionic Commando en caja con manual japonés Raro;105,47 EUR;+ 24,05 EUR de envío estimado;desde Reino Unido;
Nuevo anuncioRare Jeu Nintendo Gameboy PAL Bionic Commando;39,90 EUR;+ 3,90 EUR de envío;desde Francia;
Nuevo anuncioRare Notice Mode D’emploi Nintendo Gameboy FAH Bionic Commando Capcom;24,90 EUR;+ 3,90 EUR de envío;desde Francia;
Bionic Commando (Nintendo Game Boy, 1992) probado auténtico bonito!;82,40 EUR;Envío gratis;desde Estados Unidos;
Bionic Commando Fuerzas De Elite-Juego Boy Color Gba;36,76 EUR;+ 2,62 EUR de envío;desde Estados Unidos;
Nuevo anuncioBionic Commando Elite fuerzas para Nintendo Game Boy Color GBA & SP ** ** Auténtico!;17,69 EUR;+ 2,22 EUR de envío;desde Estados Unidos;
Bionic Commando (Nintendo Game Boy, 1992) Cartucho & Case Tested Auténtico;70,91 EUR;Envío gratis;desde Estados Unidos;
Bionic Commando: las fuerzas de elite Nintendo Game Boy Color. en estuche C Impreso Arte DS.;17,72 EUR;+ 4,61 EUR de envío;desde Estados Unidos;
Bionic Commando-Completo-Completo En Caja-Box (Nintendo Game Boy auténtico, 1992);398,93 EUR;Envío gratis;desde Estados Unidos;
Bionic Commando (Nintendo Game Boy, 1992) probado auténtico bonito!;84,18 EUR;Envío gratis;desde Estados Unidos;
Bionic Commando: Elite Forces (Nintendo Game Boy Color, 2000) Complete Very Good;38,11 EUR;+ 14,53 EUR de envío;desde Canadá;
Bionic Commando (Nintendo Game Boy, 1992);84,21 EUR;Envío gratis;desde Estados Unidos;
Bionic Commando: las fuerzas de elite (Nintendo Game Boy Color, de 2000, Probado);15,95 EUR;+ 4,03 EUR de envío;desde Estados Unidos;
Bionic Commando Juego Boy Gameboy NTSC USA COMPLETO EN CAJA COMPLETO EN CAJA RARO clásico;442,38 EUR;+ 13,25 EUR de envío;desde España;
Bionic Commando (Nintendo Game Boy probado, auténtico, 1992);75,34 EUR;+ 4,21 EUR de envío;desde Estados Unidos;
Bionic Commando (Nintendo Game Boy, 1992) Auténtico Probado;79,78 EUR;Envío gratis;desde Estados Unidos;
Bionic Commando (Nintendo Game Boy, 1992) Usado C/manual;168,43 EUR;Envío gratis;desde Estados Unidos;
C6: Bionic Commando: las fuerzas de elite (Nintendo Game Boy Color, 2000);17,73 EUR;+ 4,03 EUR de envío;desde Estados Unidos;
Bionic Commando: las fuerzas de elite (Nintendo Game Boy Color, 2000) GBC, auténtico!;13,30 EUR;+ 4,79 EUR de envío;desde Estados Unidos;
Bionic Commando: las fuerzas de elite (Nintendo Game Boy Color, 2000);442,38 EUR;Envío gratis;desde Estados Unidos;
Bionic Commando GAMEBOY GAME BOY NINTENDO Cartucho Completo en Caja Caja Ntsc Usa MUY RARO!;753,54 EUR;+ 8,86 EUR de envío;desde Estados Unidos;
Bionic Commando: las fuerzas de elite Nintendo Game Boy Color * Auténtico y ahorra *;35,43 EUR;Envío gratis;desde Estados Unidos;
Bionic Commando Juego Boy Color Manual Solamente! envío Gratuito;9,92 EUR;Envío gratis;desde Estados Unidos;
Bionic Commando: las fuerzas de elite (Nintendo Game Boy Color, 2000);39,88 EUR;Envío gratis;desde Estados Unidos;
Bionic Commando (Nintendo Game Boy, 1992) Completo en Caja-Manual de Caja de carro completo-Raro;310,28 EUR;+ 4,70 EUR de envío;desde Estados Unidos;
Bionic Commando Elite Fuerzas Nintendo Game Boy Color Auténtico limpiado & Probado;23,04 EUR;Envío gratis;desde Estados Unidos;
Bionic Commando: las fuerzas de elite Nintendo Game Boy Color Auténtico Carro GBA;19,95 EUR;+ 4,03 EUR de envío;desde Estados Unidos;
Bionic Commando Nintendo Gameboy Japón GB Capcom muy buen Usado F/S DHL;140,69 EUR;Envío internacional gratis;desde Japón;
Bionic Commando: las fuerzas de elite (Nintendo Game Boy Color, 2000) sólo juego y manual;31,02 EUR;+ 8,73 EUR de envío;desde Estados Unidos;
Nuevo anuncioBionic Commando Elite Forces - Nintendo Game Boy Color;20,79 EUR;+ 2,07 EUR de envío;desde Canadá;
Bionic Commando Elite Fuerzas Nintendo Game Boy Color Probado;22,24 EUR;Envío gratis;desde Estados Unidos;
Bionic Commando Elite Fuerzas Nintendo Gameboy Color GBC Nueva Sellado de fábrica;177,30 EUR;Envío gratis;desde Estados Unidos;
Bionic Commando Juego Boy Color Manual Solamente!;10,64 EUR;Envío gratis;desde Estados Unidos;
Bionic Commando  Elite Forces (Nintendo Game Boy Color, 2000) -Cart Only;29,10 EUR;+ 4,16 EUR de envío;desde Canadá;
Bionic Commando: Elite Forces (Nintendo Game Boy Color, 2000) Boxed;23,56 EUR;+ 13,86 EUR de envío;desde Canadá;
Bionic Commando Gameboy Color-Nuevo Sellado-Incluye Estuche De Seguridad Nintendo ⭐;310,28 EUR;+ 17,73 EUR de envío;desde México;
Genuine Bionic Commando de vídeo juego para Nintendo Game Boy japonés Probado;47,19 EUR;+ 17,73 EUR de envío;desde Reino Unido;
Bionic Commando (Nintendo Game Boy GB, 1992) Japan Import;51,98 EUR;+ 3,99 EUR de envío;desde Canadá;
Bionic Commando: las fuerzas de elite (Nintendo Game Boy Color, 2000)! probado funciona!;26,60 EUR;Envío gratis;desde Estados Unidos;
Bionic Commando: las fuerzas de elite (Nintendo Game Boy Color, 2000);26,60 EUR;+ 9,44 EUR de envío;desde Estados Unidos;
Bionic Commando Juego BOY versión japonesa;146,79 EUR;+ 17,73 EUR de envío;desde Japón;
Gameboy Bionic Commando Cartucho sólo Nintendo GBC;26,60 EUR;+ 15,07 EUR de envío;desde Japón;
Bionic Commando Elite fuerzas para Nintendo Gameboy Color;26,60 EUR;+ 3,99 EUR de envío;desde Estados Unidos;
Bionic Commando Fuerzas De Elite [Gameboy Color] [Solo Cartucho];33,15 EUR;Envío gratis;desde Estados Unidos;
Nuevo GB Suave Bionic Commando;504,14 EUR;+ 17,73 EUR de envío;desde Japón;
Bionic Commando [video game];32,99 EUR;+ 7,50 EUR de envío;desde Alemania;
Nuevo anuncioBionic Commando Nintendo NES Juego solo carro PAL un;21,08 EUR;+ 7,62 EUR de envío;desde Reino Unido;
* disco solamente * Bionic Commando Xbox 360 shooter de acción juego de vídeo PAL;3,50 EUR;+ 14,05 EUR de envío;desde Reino Unido;
Bionic Commando [video game];22,00 EUR;+ 7,50 EUR de envío;desde Alemania;
Sony PS3 Bionic Commando Juego-muy Buen Estado;2,93 EUR;+ 5,86 EUR de envío;desde Reino Unido;
Bionic Commando Xbox 360 juego PAL con manual;4,65 EUR;+ 16,95 EUR de envío estimado;desde Reino Unido;
Bionic Commando Amstrad CPC 464 juego Cassette;9,36 EUR;+ 21,10 EUR de envío;desde Reino Unido;
Nintendo NES Juego NTSC USA-cm-USA-Bionic Commando;26,90 EUR;+ 17,43 EUR de envío estimado;desde Reino Unido;
Nintendo NES Juego-PAL B Cm-CEE-Bionic Commando;29,24 EUR;+ 17,47 EUR de envío estimado;desde Reino Unido;
Bionic Commando Ps3 solo manual sin juego;1,46 EUR;+ 18,05 EUR de envío estimado;desde Reino Unido;
Xbox 360 Juego Paquete con espacio marino, fábula 2, perseguido, Bionic Commando Probado;15,22 EUR;+ 22,10 EUR de envío estimado;desde Reino Unido;
Bionic Commando | NES Nintendo | Carro de juego PAL UKV un;23,38 EUR;+ 17,35 EUR de envío estimado;desde Reino Unido;
Bionic Commando Perfecto Completo Abierto Ps3 Playstation Pal;19,99 EUR;+ 14,00 EUR de envío;desde España;
Bionic Commando PlayStation 3 juego PS3 Envío Rápido Reino Unido;5,61 EUR;+ 16,97 EUR de envío estimado;desde Reino Unido;
Bionic Commando PS3 juego de juego solamente;3,47 EUR;+ 4,69 EUR de envío;desde Reino Unido;
Bionic Commando Playstation 3 PS3 Juego Gratis P&P;5,26 EUR;+ 16,96 EUR de envío estimado;desde Reino Unido;
Bionic Commando (2009) XBOX 360 Juego-con Manual;4,63 EUR;+ 16,95 EUR de envío estimado;desde Reino Unido;
Commodore Juego Retro 64/128k Bionic Commando Kixx 1987;9,36 EUR;+ 20,92 EUR de envío estimado;desde Reino Unido;
Bionic Commando Xbox 360 Promo copia Juego Nuevo Sellado;11,60 EUR;+ 17,10 EUR de envío estimado;desde Reino Unido;
Bionic Commando Juego PC DVD;9,07 EUR;+ 17,04 EUR de envío estimado;desde Reino Unido;
Bionic Commando PlayStation 3 juego PS3 | buena condición probada | Gratis Reino Unido P&p;4,68 EUR;+ 5,85 EUR de envío;desde Reino Unido;
Juego Amstrad CPC 464 Bionic Commando Capcom doble caso;11,71 EUR;+ 17,10 EUR de envío estimado;desde Reino Unido;
Juego Amstrad CPC 464 Bionic Commando Kixx;8,19 EUR;+ 17,03 EUR de envío estimado;desde Reino Unido;
Bionic Commando PS3 PlayStation 3 Video Juego;3,61 EUR;+ 18,72 EUR de envío estimado;desde Reino Unido;
Bionic Commando Playstation 3 PS3 Juego PAL Reino Unido Nuevo y Sellado;23,43 EUR;+ 17,35 EUR de envío estimado;desde Reino Unido;
Nintendo NES JUEGO PAL B Cm-CEE Bionic Commando/cartucho sólo;19,91 EUR;+ 12,89 EUR de envío;desde Reino Unido;
Commodore Amiga juego-Bionic Commando por Klassix-GRATIS UK FRANQUEO;5,27 EUR;+ 11,71 EUR de envío;desde Reino Unido;
Bionic Commando. NINTENDO NES JUEGO. UK PAL A. En Caja + Manual. Raro. buen Estado;80,86 EUR;+ 23,52 EUR de envío estimado;desde Reino Unido;
PlayStation 3 Juego (PS3) - Bionic Commando-Capcom 15+;4,69 EUR;+ 19,09 EUR de envío estimado;desde Reino Unido;
Bionic Commando (Sony PlayStation 3) PS3 Juego * Nuevo y Sellado *;17,57 EUR;+ 4,68 EUR de envío;desde Reino Unido;
Bionic Commando (Microsoft Xbox 360, 2009) con manual de juego;4,68 EUR;+ 16,95 EUR de envío estimado;desde Reino Unido;
Bionic Commando Xbox 360 Juego;3,52 EUR;+ 19,27 EUR de envío estimado;desde Reino Unido;
