Nintendo Game Boy Color juego-Worms Apocalipsis-Embalaje original-pal-rar-Top;34,90 EUR;Envío no especificado;desde Alemania;
Nintendo Game Boy Classic juego Worms con embalaje original y guía ukv;59,90 EUR;+ 8,99 EUR de envío;desde Alemania;
Worms Apocalipsis-Nintendo Game Boy Color juego módulo, funda & instrucciones;22,22 EUR;+ 6,90 EUR de envío;desde Alemania;
Worms Armageddon Gameboy Color Juego! busque en la tienda!;35,26 EUR;+ 17,66 EUR de envío estimado;desde Reino Unido;
Nintendo Gameboy juego-Worms-Top-Embalaje original-pal germano-raras;279,90 EUR;Envío no especificado;desde Alemania;
Nintendo Gameboy Advance-Worms Blast;21,11 EUR;+ 17,36 EUR de envío estimado;desde Reino Unido;
Nintendo Gameboy Color juego Worms Armageddon;11,70 EUR;+ 17,16 EUR de envío estimado;desde Reino Unido;
Worms Blast (Nintendo Gameboy Advance, 2002);16,99 EUR;+ 7,99 EUR de envío;desde Alemania;
Nintendo Gameboy-Worms-Embalaje original-Top-pal-Ocean;59,90 EUR;Envío no especificado;desde Alemania;
Nintendo Game Boy Color Worms Armageddon Juego Solo Carro-probado Nr Menta;11,52 EUR;+ 18,28 EUR de envío estimado;desde Reino Unido;
Worms Blast Gameboy Advance Juego! busque en la tienda!;58,79 EUR;+ 22,28 EUR de envío estimado;desde Reino Unido;
Nintendo Game Boy Color Worms Armageddon Notice / Instruction Manual;7,99 EUR;+ 2,75 EUR de envío;desde Francia;
Worms el Armagedón gameboycolor juego Top;15,00 EUR;+ 7,00 EUR de envío;desde Alemania;
GB-Worms para Nintendo GameBoy;19,95 EUR;+ 6,50 EUR de envío;desde Alemania;
Nintendo Game Boy Advance - GBA - Notice Worms Blast - EUR;3,90 EUR;+ 6,70 EUR de envío;desde Francia;
Notice Nintendo GB Game Boy Worms FAH, Excellent état;29,90 EUR;+ 11,98 EUR de envío;desde Francia;
