Mega Man V Nintendo Game Boy-Original-Completo-Gameboy - Megaman-EUR;1.749,36 EUR;+ 69,15 EUR de envío estimado;desde Reino Unido;
Mega Man V-Nintendo Game Boy Genuino solo Carro-USA-RÁPIDO GRATIS UK FRANQUEO;233,24 EUR;+ 36,55 EUR de envío estimado;desde Reino Unido;
Mega Man V-Nintendo Game Boy;227,42 EUR;+ 4,08 EUR de envío;desde Dinamarca;
Mega Man V 5 EUR, game boy art box only,no game inside!;24,90 EUR;Envío no especificado;desde Italia;
Mega Man V 5 EUR version, game boy art box only,no game inside!;26,90 EUR;Envío no especificado;desde Italia;
Mega Man V ~ 100% Auténtico Juego CARTUCHO solo ~ Nintendo Game Boy mm 5 Rockman;158,83 EUR;+ 4,41 EUR de envío;desde Estados Unidos;
Mega Man V 5 (1994), Nintendo Game Boy Cartucho sólo Etiqueta Peeling! envío rápido!;217,07 EUR;Envío gratis;desde Estados Unidos;
Mega Man V + Mega Man II (Nintendo Game Boy, 1994) como nuevo-etiquetas son magníficos;263,84 EUR;Envío gratis;desde Estados Unidos;
Rockman World 5 Juego Boy japonés Importado Mega Man V GB GBC Japón jp Vendedor de Estados Unidos;35,29 EUR;Envío gratis;desde Estados Unidos;
Mega Man V Nintendo Game Boy en Protector caso auténtico Megaman V Probado Funciona;250,65 EUR;+ 4,02 EUR de envío;desde Estados Unidos;
Nuevo anuncioMega Man V/Megaman 5-Cartucho Original Nintendo GameBoy-Auténticos;158,84 EUR;+ 3,93 EUR de envío;desde Estados Unidos;
Mega Man V-GAME BOY GB caso personalizado * Sin Juego *;8,82 EUR;Envío gratis;desde Estados Unidos;
Mega Man V 5 Nintendo GameBoy probado auténtico Carro Y Estuche sólo Board imágenes;202,95 EUR;Envío gratis;desde Estados Unidos;
Juego de Mega Man V BOY versión japonesa;136,54 EUR;+ 17,65 EUR de envío;desde Japón;
Mega Man V (Nintendo Game Boy, 1994);254,37 EUR;+ 1,39 EUR de envío;desde Canadá;
Mega Man V 5 - custom cart - Gameboy - Game Boy Advance - GBA - Game Cart;20,90 EUR;+ 5,23 EUR de envío;desde Canadá;
Rockman 5 (Mega Man V) NINTENDO Gameboy cartonly [Gameboy versión JP];40,58 EUR;+ 17,65 EUR de envío;desde Japón;
Nintendo Gameboy GB GBC GBA SP LOT -  Rockman 5 Tetris Jungle Wars JP Mega Man V;30,00 EUR;+ 15,00 EUR de envío;desde Países Bajos;
Mega Man V Nintendo Game Boy FRIDGE MAGNET;1,81 EUR;+ 2,50 EUR de envío;desde España;
Mega Man V Game Boy Nintendo Porte-Clés Porte-Clé;2,18 EUR;+ 2,50 EUR de envío;desde España;
Mega Man V Nintendo Game Boy Fridge Magnet Aimant Frigo;2,18 EUR;+ 2,50 EUR de envío;desde España;
Mega Man V Game Boy Nintendo Llavero;1,81 EUR;+ 2,50 EUR de envío;desde España;
Mega Man V 5 FRIDGE MAGNET (Nintendo Gameboy);4,40 EUR;Envío gratis;desde Estados Unidos;
Mega Man V Nintendo Game Boy Schlüsselanhänger;2,46 EUR;+ 2,50 EUR de envío;desde España;
Mega Man V Nintendo Game Boy Keyring, Portachiavi;2,53 EUR;+ 2,50 EUR de envío;desde España;
Mega Man V 5 (1994), Nintendo Game Boy Cartucho sólo se envía al día siguiente.;220,60 EUR;Envío gratis;desde Estados Unidos;
Mega Man V Nintendo Game Boy Fridge Magnet Magnete Frigorifero;2,22 EUR;+ 2,50 EUR de envío;desde España;
Mega Man V Game Boy Nintendo Portachiavi Keyring;2,22 EUR;+ 2,50 EUR de envío;desde España;
