Mortal Kombat II Nintendo Game Boy Complet;69,90 EUR;Envío no especificado;desde Francia;
Mortal Kombat II (Game Boy GB 1993) Solo Cartucho;16,90 EUR;+ 9,90 EUR de envío;desde España;
Nintendo Game Boy - Mortal Kombat II 2 - PAL - EUR;34,99 EUR;+ 5,00 EUR de envío;desde Francia;
Nintendo Gameboy Juego-Mortal Kombat II 2 y Azul Marino;17,54 EUR;+ 19,53 EUR de envío estimado;desde Reino Unido;
Nintendo Gameboy Juego-Mortal Kombat II 2. probado y de trabajo;18,67 EUR;+ 18,35 EUR de envío estimado;desde Reino Unido;
Nintendo Gameboy Juego-Mortal Kombat II 2;16,81 EUR;+ 17,18 EUR de envío estimado;desde Reino Unido;
Nintendo Gameboy-Mortal Kombat II 2;18,67 EUR;+ 17,23 EUR de envío estimado;desde Reino Unido;
Nintendo Game Boy  Mortal Kombat II 2 GameBoy  Vers. EUR;19,90 EUR;Envío no especificado;desde Francia;
European Manual Mortal Kombat II 2 Nintendo Gameboy Edition PAL Original;12,00 EUR;+ 37,00 EUR de envío;desde España;
Mortal Kombat & Mortal Kombat II OVP cib top estado Gameboy EUR PAL;249,00 EUR;Envío no especificado;desde Alemania;
Nintendo GameBoy,Mortal Kombat & Mortal Kombat II 2,PAL,OVP,Manual;269,95 EUR;Envío no especificado;desde Alemania;
Mortal Kombat y Mortal Kombat II, Nintendo Game Boy, Pal-Eur;21,95 EUR;Envío no especificado;desde España;
Mortal Kombat II 2 / Nintendo Game Boy / Loose / EUR;19,99 EUR;Envío no especificado;desde Francia;
Manual de Instrucciones Mortal Kombat II game boy GB en español.;7,00 EUR;Envío no especificado;desde España;
