Nintendo Game Boy-Mulan-Disney 's-nuevo-en su embalaje original-Wata-VGA AFA Ready;1.199,90 EUR;Envío no especificado;desde Alemania;
Disney Mulan Nintendo Game boy cartucho Original * Región libre *;11,57 EUR;+ 17,07 EUR de envío estimado;desde Reino Unido;
Disney's Mulan Original Nintendo Game Boy Gameboy PAL de la UE;13,25 EUR;+ 7,09 EUR de envío;desde Bulgaria;
Plv Nintendo Game Boy Mulan Sign Display Collector;11,00 EUR;+ 20,00 EUR de envío;desde Francia;
Nintendo Game Boy Disney's Mulan EUR Excellent état;6,90 EUR;+ 11,98 EUR de envío;desde Francia;
Nintendo Game Boy Disney Mulan EUR Bon état;4,90 EUR;+ 11,98 EUR de envío;desde Francia;
Game Boy-disneyˋs Mulan-módulo #;6,00 EUR;+ 10,00 EUR de envío;desde Alemania;
Disney Mulan Game Boy Eur Nintendo THQ Loose État Correct;5,90 EUR;+ 3,90 EUR de envío;desde Francia;
Vintage Disney's Mulan-Nintendo Game Boy Gratis 1st Class Post;16,37 EUR;+ 9,95 EUR de envío;desde Reino Unido;
Game / Juego Disney's Mulan Nintendo Game Boy (Original) (Eur) (GB);5,00 EUR;+ 9,95 EUR de envío;desde España;
Disney's Mulan Nintendo Game Boy juego módulo muy buen estado probado;9,99 EUR;+ 9,99 EUR de envío;desde Alemania;
Gb-Disney 's Mulan para Nintendo GameBoy;6,95 EUR;+ 9,95 EUR de envío;desde Alemania;
Vintage Retro Nintendo Gameboy Disney Mulan Juego;11,70 EUR;+ 24,34 EUR de envío estimado;desde Reino Unido;
Vintage-Nintendo Gameboy-Mulan-muy Bueno -;8,18 EUR;+ 19,23 EUR de envío estimado;desde Reino Unido;
Nintendo Gameboy juego-Disney 's Mulan (módulo);9,99 EUR;+ 67,99 EUR de envío;desde Alemania;
Nintendo Game Boy - Mulan - Notice / Instruction Manual - FAH;5,99 EUR;+ 4,00 EUR de envío;desde Francia;
Disney's Mulan, Nintendo Game Boy, Ntsc-Usa;4,45 EUR;Envío no especificado;desde España;
★ Game Boy Mulan PAL ★   ;6,99 EUR;Envío no especificado;desde España;
Mulan (Disney) - Nintendo Game boy;12,90 EUR;Envío no especificado;desde Italia;
Disney's Mulan - Nintendo Game Boy - Game Boy Modul - Gut - Getestet - GBC;6,50 EUR;Envío no especificado;desde Austria;
Mulan Gameboy Classic cómo jugar instruction cuadernillo ukv;6,90 EUR;Envío no especificado;desde Alemania;
