Tetris Blast De Vídeo Juego Para Nintendo Game Boy & Juego en caja sellada con el hombre;26,91 EUR;+ 17,40 EUR de envío estimado;desde Reino Unido;
Tetris Blast Nintendo Gameboy Game Boy Carro UKV ** GRATIS UK FRANQUEO **;18,55 EUR;+ 13,81 EUR de envío;desde Reino Unido;
Tetris Blast Gameboy CIB Raro #0019;58,46 EUR;+ 18,08 EUR de envío estimado;desde Reino Unido;
Nintendo Gameboy En Caja-Tetris Blast;23,13 EUR;+ 17,32 EUR de envío estimado;desde Reino Unido;
Nintendo Gameboy-Tetris Blast-Top-Embalaje original-pal alemán;69,90 EUR;Envío no especificado;desde Alemania;
Game Boy Tetris Blast en caja con instrucciones Gwo GRATIS UK FRANQUEO;29,26 EUR;+ 11,70 EUR de envío;desde Reino Unido;
Tetris Blast Nintendo Gameboy Juego Caja Y Manual Solamente;20,47 EUR;+ 21,07 EUR de envío;desde Reino Unido;
Gameboy manual de instrucciones-Tetris Blast;8,13 EUR;+ 16,99 EUR de envío estimado;desde Reino Unido;
Tetris Blast Juego sólo Nintendo Game Boy GameBoy GB;8,86 EUR;Envío gratis;desde Estados Unidos;
Tetris Blast-Nintendo Game Boy probado solo Carro-auténticos -! envío Gratis!;10,59 EUR;Envío gratis;desde Estados Unidos;
Tetris Blast (Nintendo Game Boy, 1996) complete in box;41,83 EUR;+ 6,27 EUR de envío;desde Canadá;
Tetris Blast Nintendo Game Boy;6,62 EUR;+ 2,61 EUR de envío;desde Estados Unidos;
Tetris & Tetris Blast (Original Nintendo Game Boy) - Lote de 2 juegos con los casos!;15,02 EUR;+ 4,43 EUR de envío;desde Estados Unidos;
Lote de 2 cartuchos de juego Nintendo Game Boy sólo Tetris Blast quimera Probado;17,68 EUR;Envío gratis;desde Estados Unidos;
Tetris Blast NINTENDO GAME BOY Video Juego;12,40 EUR;Envío gratis;desde Estados Unidos;
Tetris Blast (Nintendo Game Boy, 1996) (con manual);14,17 EUR;Envío gratis;desde Estados Unidos;
Super Bombliss Tetris Blast (Nintendo Game Boy GB, 1995) Japan Import;6,96 EUR;+ 4,01 EUR de envío;desde Canadá;
Tetris Blast (Nintendo Game Boy, 1996) + probado trabajando-auténtico!;4,39 EUR;+ 3,94 EUR de envío;desde Estados Unidos;
Tetris Blast-Nintendo Game Boy GB;10,40 EUR;Envío gratis;desde Estados Unidos;
Tetris Blast (Nintendo Game Boy GB);15,76 EUR;Envío gratis;desde Estados Unidos;
Tetris Blast-auténtico-Nintendo Game Boy-Solo Manual!;6,18 EUR;Envío gratis;desde Estados Unidos;
Tetris Blast Juego sólo Nintendo Game Boy GameBoy GB;3,37 EUR9,22 EUR;+ 3,94 EUR de envío;desde Estados Unidos;
Tetris Blast (Nintendo Game Boy, 1996) Cartucho probado Auténtico;6,20 EUR;+ 3,54 EUR de envío;desde Estados Unidos;
Nintendo Game Boy DMG-01 con Tetris Blast;79,74 EUR;Envío gratis;desde Estados Unidos;
Raro Tetris Blast (Nintendo Super Game Boy Pak, 1996) Completo Caja, Sin Juego.;26,54 EUR;+ 3,94 EUR de envío;desde Estados Unidos;
Tetris Blast NINTENDO Original GAMEBOY Juego probado + trabajo & Auténtico!;15,13 EUR;Envío gratis;desde Estados Unidos;
Tetris Blast-Juego Original Nintendo GameBoy;8,76 EUR;+ 2,61 EUR de envío;desde Estados Unidos;
Tetris Blast (Nintendo Game Boy, 1996) Funciona;11,52 EUR;Envío gratis;desde Estados Unidos;
Tetris Blast (Nintendo Game Boy, 1996);8,85 EUR;+ 3,54 EUR de envío;desde Estados Unidos;
Tetris Blast Nintendo Game Boy Original * Rompecabezas/estrategia * Auténtico Y Probado;10,61 EUR;Envío gratis;desde Estados Unidos;
Tetris Blast (Nintendo Game Boy, 1996);4,42 EUR;+ 4,21 EUR de envío;desde Estados Unidos;
Tetris Blast ~ Nintendo Game Boy GB Advance GBA auténticas obras probado Raro;11,53 EUR;Envío gratis;desde Estados Unidos;
Tetris Blast (Nintendo Game Boy, 1996) Con Manual;8,85 EUR;+ 6,57 EUR de envío;desde Estados Unidos;
Tetris Blast Gameboy Color [] [Solo Cartucho];11,86 EUR;Envío gratis;desde Estados Unidos;
Tetris Blast (Nintendo Game Boy, probado 1996) +! Funcionando!;7,08 EUR;+ 3,94 EUR de envío;desde Estados Unidos;
Tetris Blast (Nintendo Game Boy, 1996);10,62 EUR;Envío gratis;desde Estados Unidos;
Tetris Blast Nintendo GameBoy ~ funciona muy bien! ~! envío rápido! ~ auténtico!;8,85 EUR;Envío gratis;desde Estados Unidos;
Tetris Blast Nintendo Gameboy Game Boy Juego con Estuche de plástico;11,52 EUR;Envío gratis;desde Estados Unidos;
Tetris Blast Juego sólo Nintendo Game Boy GameBoy GB;7,97 EUR;+ 3,32 EUR de envío;desde Estados Unidos;
Tetris Blast (Nintendo GameBoy, 1996) - solo Carro-limpiado & probado, auténtico;14,13 EUR;Envío gratis;desde Estados Unidos;
Tetris Blast Nintendo Juego Original Boy juego probado;17,72 EUR;+ 4,56 EUR de envío;desde Estados Unidos;
Tetris Blast y Tetris (Nintendo Gameboy GB) Cartuchos probado/trabajo solamente.;19,49 EUR;+ 3,99 EUR de envío;desde Estados Unidos;
Nintendo Game Boy Originales Gris DMG-01 Tetris Blast Cartucho Ver Video;106,32 EUR;desde Estados Unidos;
Tetris Plus Tetris Blast Tesserae More Game Lot (Nintendo Gameboy) Tested;27,88 EUR;+ 15,34 EUR de envío;desde Canadá;
Tetris Blast Nintendo Game Boy Video Juego Cartucho;8,77 EUR;+ 3,54 EUR de envío;desde Estados Unidos;
Original Nintendo Gameboy Tetris Blast Video Juego CARTUCHO solo Probado Funciona;6,65 EUR;+ 3,81 EUR de envío;desde Estados Unidos;
Tetris 1 + Tetris Attack & Tetris Blast Paquete Original GameBoy | probado Lote #14;22,14 EUR;+ 5,05 EUR de envío;desde Estados Unidos;
Tetris Blast (Nintendo Game Boy, 1996);8,42 EUR;+ 3,90 EUR de envío;desde Estados Unidos;
Tetris Blast-Nintendo Game Boy Video Juego-solo carro;8,82 EUR;+ 2,61 EUR de envío;desde Estados Unidos;
Tetris Blast (Nintendo Game Boy, 1996 GB) Con Manual;15,05 EUR;+ 3,98 EUR de envío;desde Estados Unidos;
Tetris Blast Nintendo Gameboy Original GBO Nuevo Sellado Menta Vga apnea Super Pak;1.063,31 EUR;Envío gratis;desde Estados Unidos;
Tetris Blast Nintendo Game Boy Video Juego Carro;10,59 EUR;+ 3,32 EUR de envío;desde Estados Unidos;
