Battletoads Nintendo Game Boy Juego en Caja Completa;76,17 EUR;+ 43,42 EUR de envío estimado;desde Reino Unido;
Nintendo Game Boy * Battletoads in Ragnarok's World * EMBALAJE ORIGINAL CiB instrucciones R7-NOE;69,95 EUR;+ 6,70 EUR de envío;desde Alemania;
NINTENDO GAME BOY - Battletoads - DMG-BVJ - Japon - Cartucho -;149,00 EUR;+ 17,90 EUR de envío;desde España;
NINTENDO SUPER GAME BOY Battletoads Vintage COMPUTER juego portátil PAL Tradewest;117,20 EUR;+ 17,58 EUR de envío;desde Reino Unido;
Nintendo Game Boy * Battletoads Double Dragon * EMBALAJE ORIGINAL CiB instrucciones VN-UKV;399,95 EUR;+ 35,99 EUR de envío;desde Alemania;
Nintendo Game Boy * Battletoads * OVP CiB Instrucciones Póster BV-EE. UU.;179,95 EUR;+ 6,70 EUR de envío;desde Alemania;
Battletoads en Ragnarok's World/Nintendo Game Boy módulo & Case (funda);22,22 EUR;+ 6,90 EUR de envío;desde Alemania;
Nintendo Gameboy juego-Battletoads-Embalaje original-pal-rar-Top;219,90 EUR;Envío no especificado;desde Alemania;
Battletoads Rare Game Boy FAH Nintendo cartouche only;20,00 EUR;+ 12,96 EUR de envío;desde Francia;
Battletoads en ragnaroks mundo Nintendo Game Boy solo carro región libre Gameboy;17,52 EUR;+ 17,23 EUR de envío estimado;desde Reino Unido;
Battletoads in Ragnarok's World Notice - Instruction Booklet Game Boy FAH;15,00 EUR;Envío internacional gratis;desde Francia;
Battletoads en el mundo de Ragnarok Nintendo Gameboy Juego PAL solo carro;17,57 EUR;+ 7,62 EUR de envío;desde Reino Unido;
Nintendo-Game Boy Classic-juego-Battletoads-Embalaje original-cib-estado de coleccionista;199,99 EUR;+ 75,00 EUR de envío;desde Alemania;
Battletoads Notice - Manuel - Instruction Booklet Game Boy USA ;6,00 EUR;Envío internacional gratis;desde Francia;
Muy raras Battletoads Double Dragon NINTENDO GAMEBOY DMG VN UKV completado en Caja;580,13 EUR;+ 53,33 EUR de envío estimado;desde Reino Unido;
Nintendo Game Boy Battletoads in Ragnarok's World DMG-R7-ITA #ebayheroes;15,00 EUR;+ 28,00 EUR de envío;desde Italia;
Gb-Battletoads: en Ragnarok's World para Nintendo GameBoy;12,95 EUR;+ 9,95 EUR de envío;desde Alemania;
Battletoads Gameboy Cartucho;17,58 EUR;+ 21,33 EUR de envío estimado;desde Reino Unido;
Genuine Nintendo Gameboy Juego-Battletoads en ragnaroks World-probado/trabajo;25,78 EUR;+ 17,40 EUR de envío estimado;desde Reino Unido;
Juego Battletoads Gameboy;17,58 EUR;+ 19,15 EUR de envío estimado;desde Reino Unido;
Battletoads Nintendo Gameboy Color Advance Juego, Genuine! gc!;22,74 EUR;+ 19,67 EUR de envío estimado;desde Reino Unido;
Battletoads en Ragnarok's World (DMG-r7-noe) Nintendo Game Boy;50,00 EUR;+ 10,00 EUR de envío;desde Alemania;
Battletoads en Ragnarok Nintendo Game Boy Solo Manual De Instrucciones Original;21,08 EUR;+ 17,30 EUR de envío estimado;desde Reino Unido;
## Battletoads (Solo La Módulo / Sin Emb.orig) para GB / Gameboy Classic ##;41,60 EUR;+ 8,00 EUR de envío;desde Alemania;
# Battletoads (sólo el módulo/sin OVP) para GB/Gameboy Classic #;39,95 EUR;+ 8,00 EUR de envío;desde Alemania;
Jeu Gameboy Gb Battletoads;18,57 EUR;+ 39,00 EUR de envío;desde Francia;
Battletoads en ragnaroks mundo Nintendo Gameboy Solo Manual;7,02 EUR;+ 16,99 EUR de envío estimado;desde Reino Unido;
Battletoads Gameboy GB;20,50 EUR;+ 15,00 EUR de envío;desde Italia;
NINTENDO GAMEBOY-Battletoads en ragnaroks World #G92;26,48 EUR;+ 21,00 EUR de envío estimado;desde Reino Unido;
Battletoads en Ragnarok'S WORLD SNES GAME BOY Poster Vintage/AD página Enmarcado;46,87 EUR;+ 15,22 EUR de envío;desde Alemania;
Game Boy-Battletoads-DMG-BV - frg-OVP & instrucciones cib Nintendo Gameboy Top;199,95 EUR;Envío no especificado;desde Alemania;
Battletoads en Ragnarok's World-Nintendo Game Boy juego;6,99 EUR;Envío no especificado;desde Alemania;
Notice Nintendo Gameboy Game Boy - Battletoads Battle Toads - USA;2,99 EUR;Envío no especificado;desde Francia;
Battletoads en ragnarak's World cómo jugar instrucciones Gameboy Game Boy;3,39 EUR;Envío no especificado;desde Alemania;
Notice / Booklet / Battletoads Double Dragon / Nintendo Game Boy / PAL / UKV;49,90 EUR;Envío no especificado;desde Francia;
GB - Battletoads: Probado en el mundo de Ragnarok para Nintendo Gameboy Classic ;10,95 EUR;Envío no especificado;desde Alemania;
Battletoads, game boy ;34,10 EUR;Envío no especificado;desde España;
