Vintage Nintendo Gameboy caja vacía solo Inc. Estuche portátil Y Juego De Golf (sin Consola);468,79 EUR;+ 37,15 EUR de envío;Vendidos  4 dic 2021Artículo vendido;desde Reino Unido;
Golf (Nintendo Gameboy) - Probado Y Funcionando;3,50 EUR;+ 19,26 EUR de envío estimado;Vendidos  3 dic 2021Artículo vendido;desde Reino Unido;
Mario Golf Gameboy Nintendo probado cartucho sólo.;5,85 EUR;+ 18,10 EUR de envío estimado;Vendidos  2 dic 2021Artículo vendido;desde Reino Unido;
GB - Jack Nicklaus: Golf para Nintendo GameBoy;9,95 EUR;+ 6,50 EUR de envío;Vendidos  1 dic 2021Artículo vendido;desde Alemania;
Mario Golf Nintendo Gameboy Japonés Original Cartucho De Juego De-awxj-JPN;4,68 EUR;+ 16,95 EUR de envío estimado;Vendidos  1 dic 2021Artículo vendido;desde Reino Unido;
Genuine NINTENDO GAME BOY Juego Original Jack Nicklaus Golf CIB;29,24 EUR;+ 17,47 EUR de envío estimado;Vendidos  1 dic 2021Artículo vendido;desde Reino Unido;
Mario Golf Para Nintendo Gameboy Color en Caja en muy buena condición;40,96 EUR;+ 14,06 EUR de envío;Vendidos  30 nov 2021Artículo vendido;desde Reino Unido;
Carro De Golf Nintendo Gameboy sólo PAL;3,50 EUR;+ 16,92 EUR de envío estimado;Vendidos  29 nov 2021Artículo vendido;desde Reino Unido;
Mario Golf Advance Tour Nintendo GameBoy Advance GBA Nueva tira roja VGA Alemana;199,99 EUR;Envío no especificado;Vendidos  29 nov 2021Artículo vendido;desde Alemania;
   Nintendo Game Boy Advance GBA - Mario Golf: Advance Tour - PAL - ITA;8,90 EUR;+ 6,00 EUR de envío;Vendidos  27 nov 2021Artículo vendido;desde Italia;
Tiger Woods PGA Tour 14 Xbox 360 Juego Niños Niñas Niños 2014 Golf Marron;9,36 EUR;+ 19,35 EUR de envío estimado;Vendidos  26 nov 2021Artículo vendido;desde Reino Unido;
GAME BOY ADVANCE-Mario Golf + FOLLETO GBA DS;17,56 EUR;+ 18,38 EUR de envío estimado;Vendidos  25 nov 2021Artículo vendido;desde Reino Unido;
Mario Golf NINTENDO GAMEBOY COLOR COLOUR Juego Super Mario Bros Brothers;12,83 EUR;+ 11,72 EUR de envío;Vendidos  25 nov 2021Artículo vendido;desde Reino Unido;
Mario Golf Gameboy Nintendo cartucho sólo;5,58 EUR;+ 16,97 EUR de envío estimado;Vendidos  24 nov 2021Artículo vendido;desde Reino Unido;
Nintendo Game Boy Gameboy acción juego fútbol Tiger Golf Top Ranking De Tenis;21,08 EUR;+ 9,96 EUR de envío;Vendidos  22 nov 2021Artículo vendido;desde Reino Unido;
Golf Nintendo Game Boy Gameboy #RichterGeil;15,00 EUR;Envío no especificado;Vendidos  21 nov 2021Artículo vendido;desde Alemania;
Genuine Mario Golf GB de vídeo juego para Nintendo Game Boy Color japonés;4,68 EUR;+ 16,95 EUR de envío estimado;Vendidos  17 nov 2021Artículo vendido;desde Reino Unido;
Nintendo Gameboy Mario Golf, Chessmaster, Top Ranking De Tenis, 1 Estuche de plástico;11,71 EUR;+ 21,20 EUR de envío estimado;Vendidos  16 nov 2021Artículo vendido;desde Reino Unido;
Mario Golf Advance Tour NINTENDO GAMEBOY ADVANCE GBA DS DS Lite * Original * francés;17,57 EUR;+ 10,55 EUR de envío;Vendidos  15 nov 2021Artículo vendido;desde Reino Unido;
Nintendo Gameboy Juegos-Mario Golf, Wave Race, tenis & Copa del Mundo;17,52 EUR;+ 17,23 EUR de envío estimado;Vendidos  15 nov 2021Artículo vendido;desde Reino Unido;
Ganbare Golf Chicos Con Reg-NEC PC ENGINE HUCARD-Japón JPN-Completo;16,40 EUR;+ 17,20 EUR de envío estimado;Vendidos  10 nov 2021Artículo vendido;desde Reino Unido;
Ronda final Golf Nintendo Game Boy Advance cartucho sólo;5,15 EUR;+ 16,96 EUR de envío estimado;Vendidos  10 nov 2021Artículo vendido;desde Reino Unido;
Mario Golf - Nintendo Game Boy Color GBC JAP Japan complet (2);16,90 EUR;Envío no especificado;Vendidos  9 nov 2021Artículo vendido;desde Francia;
Nintendo Game Boy Color jpn Japón "Mario Golf" solo módulo;7,95 EUR;+ 5,99 EUR de envío;Vendidos  9 nov 2021Artículo vendido;desde Alemania;
Itchy & Scratchy in Miniature Golf Madness Game Boy Cartridge Repro Bootleg;49,99 EUR;+ 17,00 EUR de envío;Vendidos  9 nov 2021Artículo vendido;desde Italia;
Golf (Mario) - Nintendo Gameboy Game, cartucho sólo;5,85 EUR;+ 16,97 EUR de envío estimado;Vendidos  9 nov 2021Artículo vendido;desde Reino Unido;
Vintage Video Juego Nintendo GameBoy Golf * Importado Japonés * 1;5,86 EUR;+ 9,96 EUR de envío;Vendidos  7 nov 2021Artículo vendido;desde Reino Unido;
Golf Gameboy Game Boy juegos rayo gb envío mario Sports módulo;5,90 EUR a 6,90 EUR;Envío no especificado;Vendidos  6 nov 2021Artículo vendido;desde Alemania;
GBA juego Mario Golf Advance Tour Nintendo Gameboy Advance módulo-Top estado;17,99 EUR;Envío no especificado;Vendidos  5 nov 2021Artículo vendido;desde Alemania;
