Donkey Kong Land 2 * Nintendo GameBoy * PAL FAH ;65,00 EUR;+ 21,00 EUR de envío;Vendidos  11 dic 2021Artículo vendido;desde Países Bajos;
Donkey Kong Land 2 Notice - Instruction Booklet Game Boy NEU6 ;6,00 EUR;Envío internacional gratis;Vendidos  9 dic 2021Artículo vendido;desde Francia;
Nintendo Game Boy Classic juego Donkey Kong Land 2 módulo EUR;16,90 EUR;+ 8,99 EUR de envío;Vendidos  8 dic 2021Artículo vendido;desde Alemania;
GB-Donkey Kong Land 2 para Nintendo GameBoy;14,95 EUR;+ 6,50 EUR de envío;Vendidos  6 dic 2021Artículo vendido;desde Alemania;
Donkey Kong Land 2 pal OVP cib Nintendo GameBoy;59,90 EUR;Envío no especificado;Vendidos  1 dic 2021Artículo vendido;desde Alemania;
Nintendo Gameboy Donkey Kong Land 2 cartucho de juego solamente;19,88 EUR;+ 17,25 EUR de envío estimado;Vendidos  29 nov 2021Artículo vendido;desde Reino Unido;
Donkey Kong Land 2 - Nintendo Game Boy - EUR;11,90 EUR;+ 14,90 EUR de envío;Vendidos  29 nov 2021Artículo vendido;desde Francia;
Donkey Kong Land 2 - Nintendo Game Boy (Gameboy) Juego - Colección;13,50 EUR;Envío no especificado;Vendidos  28 nov 2021Artículo vendido;desde Alemania;
Gameboy Nintendo Game Boy módulo Donkey Kong Land 2;12,00 EUR;+ 6,00 EUR de envío;Vendidos  27 nov 2021Artículo vendido;desde Alemania;
Gameboy Donkey Kong Land 2;8,50 EUR;+ 3,70 EUR de envío;Vendidos  27 nov 2021Artículo vendido;desde Alemania;
Nintendo Gameboy Juego-Donkey Kong Land 2;11,64 EUR;+ 17,07 EUR de envío estimado;Vendidos  26 nov 2021Artículo vendido;desde Reino Unido;
Gameboy * Donkey Kong Land 2 * EUR * Nintendo * Game Boy!!!!!!;10,50 EUR;Envío no especificado;Vendidos  20 nov 2021Artículo vendido;desde Alemania;
Donkey Kong Land 2 Nintendo Game Boy En Caja Con Manual;29,25 EUR;+ 17,45 EUR de envío estimado;Vendidos  16 nov 2021Artículo vendido;desde Reino Unido;
Gameboy Donkey Kong Land 2;24,00 EUR;+ 3,70 EUR de envío;Vendidos  13 nov 2021Artículo vendido;desde Alemania;
Donkey Kong Land 2 GBC + Hülle TOP Game Boy Classic Spiel Nintendo ;16,90 EUR;Envío no especificado;Vendidos  11 nov 2021Artículo vendido;desde Austria;
Original Gameboy Donkey Kong Land 2 cartucho de juego buenas condiciones;14,03 EUR;+ 17,12 EUR de envío estimado;Vendidos  10 nov 2021Artículo vendido;desde Reino Unido;
Donkey Kong Land 2 * Nintendo Game Boy * Gameboy módulo * estado muy bien #4;15,95 EUR;Envío no especificado;Vendidos  9 nov 2021Artículo vendido;desde Alemania;
Donkey Kong Land 2 cómo jugar instrucciones Nintendo Gameboy classic game boy _;5,99 EUR;Envío no especificado;Vendidos  9 nov 2021Artículo vendido;