F-15 Strike Eagle Game Boy USA;10,00 EUR;Env√≠o internacional gratis;Vendidos  3 oct 2021Art√≠culo vendido;desde Francia;
F-15 Strike Eagle manual para la Nintendo Game Boy Sin Juego;4,69 EUR;+ 16,99 EUR de env√≠o estimado;Vendidos  8 sep 2021Art√≠culo vendido;desde Reino Unido;
F-15 Strike Eagle -  Gameboy - Cart Only - PAL UKV;11,95 EUR;+¬†14,50 EUR de env√≠o;Vendidos  3 oct 2021Art√≠culo vendido;desde Australia;
MANUAL ONLY - F-15 Strike Eagle - Gameboy DMG - PAL UKV - MANUAL ONLY;3,15 EUR;+¬†14,50 EUR de env√≠o;Vendidos  3 oct 2021Art√≠culo vendido;desde Australia;
F-15 Strike Eagle (Nintendo Game Boy, 1993) S√≥lo Cartucho;4,41 EUR;+¬†3,79 EUR de env√≠o;Vendidos  16 sep 2021Art√≠culo vendido;desde Estados Unidos;
Amiga F-15 Strike Eagle 2 Juego;5,88 EUR;+ 35,66 EUR de env√≠o estimado;Vendidos  14 nov 2021Art√≠culo vendido;desde Reino Unido;
F-15 Strike Eagle Nes;35,19 EUR;+ 21,76 EUR de env√≠o estimado;Vendidos  20 sep 2021Art√≠culo vendido;desde Reino Unido;
F-15 Strike Eagle para el NES-PAL;14,69 EUR;+ 17,20 EUR de env√≠o estimado;Vendidos  4 oct 2021Art√≠culo vendido;desde Reino Unido;
üì∫ ZX Spectrum ca√±onera y F-15 Strike Eagle-por MICROPROSE * MBC *;35,25 EUR;+ 21,06 EUR de env√≠o estimado;Vendidos  23 oct 2021Art√≠culo vendido;desde Reino Unido;
ATARI XL/XE-F-15 Strike Eagle Cassette & Disco! simulador de vuelo por Micropose;17,61 EUR;+ 21,39 EUR de env√≠o estimado;Vendidos  6 nov 2021Art√≠culo vendido;desde Reino Unido;
USAF Patch 334th FS F-15 Strike Eagle Aggressor Seymour Johnson AFB ;10,56 EUR;+¬†11,28 EUR de env√≠o;Vendidos  10 sep 2021Art√≠culo vendido;desde Reino Unido;
USAF Patch 335th EFS F-15 Strike Eagle Seymour Johnson AFB FS;24,68 EUR;+¬†11,28 EUR de env√≠o;Vendidos  29 nov 2021Art√≠culo vendido;desde Reino Unido;
USAF Patch 334th FS F-15 Strike Eagle Red Flag 2021 Seymour Johnson AFB ;11,74 EUR;+¬†11,28 EUR de env√≠o;Vendidos  10 sep 2021Art√≠culo vendido;desde Reino Unido;
USAF Patch 492nd FS F-15 Strike Eagle RAF Lakenheath Raytheon Trophy 2017 ;18,80 EUR;+¬†11,28 EUR de env√≠o;Vendidos  1 nov 2021Art√≠culo vendido;desde Reino Unido;
