Game Boy GB:Nemesis II 2 - Gradius [TOP KONAMI & EDITION RARE] Jap;149,90 EUR;+ 30,30 EUR de envío;desde Francia;
Game Boy Nemesis II japonesa en caja con instrucciones nuevo viejo Stock Free UK Post;52,94 EUR;+ 18,05 EUR de envío estimado;desde Reino Unido;
Genuine Nemesis De Vídeo Juego Para Nintendo Game Boy japonés Probado;17,64 EUR;+ 17,30 EUR de envío estimado;desde Reino Unido;
Genuine Nemesis II para Nintendo Game Boy japonés Probado;47,06 EUR;+ 17,92 EUR de envío estimado;desde Reino Unido;
Nemesis Gradius Nintendo Game Boy Japan Ver. Shmup Shooting Konami 1990 DMG-NMA ;51,29 EUR;+ 7,00 EUR de envío;desde Francia;
Nintendo Gameboy Juego-Nemesis el regreso del héroe;27,49 EUR;+ 17,51 EUR de envío estimado;desde Reino Unido;
NINTENDO GAME BOY - Konami Nemesis - Instruction Booklet Manual Italian;12,70 EUR;+ 4,45 EUR de envío;desde Italia;
Nemesis-Nintendo Gameboy Juego [EE. UU. en Caja con Manual CIB] [RESERVADO];470,66 EUR;+ 17,59 EUR de envío;desde Reino Unido;
Vintage Video Juego Nintendo GameBoy Nemesis * Importado Japonés *;12,00 EUR;+ 11,18 EUR de envío;desde Reino Unido;
Nemesis GB para Nintendo GameBoy;9,95 EUR;+ 6,50 EUR de envío;desde Alemania;
Nemesis 2 Juego Boy Game-versión Japonesa-Sólo Juego-Buen Estado;41,13 EUR;+ 19,96 EUR de envío estimado;desde Reino Unido;
Nintendo Game Boy Nemesis buena condición;70,60 EUR;+ 23,38 EUR de envío estimado;desde Reino Unido;
Japonés Nintendo Gameboy Juego-DMG-Pastoral-Nemesis;15,84 EUR;+ 17,25 EUR de envío estimado;desde Reino Unido;
Nemesis Nintendo Gameboy Japonés Original Cartucho De Juego DMG-Pastoral;15,29 EUR;+ 17,24 EUR de envío estimado;desde Reino Unido;
Nemesis Para El Juego Original Nintendo Gameboy Cartucho y sólo PAL UK;12,93 EUR;+ 18,66 EUR de envío estimado;desde Reino Unido;
Nemesis Nintendo Game Boy Cartucho y Manual Solamente!;23,52 EUR;+ 17,42 EUR de envío estimado;desde Reino Unido;
Jeu Nintendo Gameboy PAL FAH Nemesis Konami;14,90 EUR;+ 3,90 EUR de envío;desde Francia;
Nemesis Nintendo Gameboy Module Lightning Envío ⚡;9,99 EUR;+ 9,00 EUR de envío;desde Alemania;
Nintendo GameBoy juego - Nemesis 1 cartucha con manual usado;29,99 EUR;Envío internacional gratis;desde Alemania;
JOBLOT 45x Gameboy  Akihabara sealed Nemesis Kirby Txin Txan Pokemon(s) Kitty;70,00 EUR;+ 30,00 EUR de envío;desde España;
Game Boy Advance Shell Funda Nemesis Uv Impreso IPS Resident Evil 3 Gba;15,29 EUR;+ 7,06 EUR de envío;desde Reino Unido;
Game Boy Color Cubierta Protectora Kit UV Impreso Nemesis Personalizado caso Reparación Nintendo;25,17 EUR;+ 7,06 EUR de envío;desde Reino Unido;
Game Boy Advance IPS Consola Nemesis Resident Evil GBA Prestige Edición RetroSix;282,44 EUR;+ 7,06 EUR de envío;desde Reino Unido;
Game Boy Original Estuche Rígido UV Nemesis reemplazo GB retrosix;27,53 EUR;+ 7,06 EUR de envío;desde Reino Unido;
Nintendo Game Boy * Nemesis II/2: the Return of the Hero * instrucciones DMG-ne-noe;24,95 EUR;+ 6,70 EUR de envío;desde Alemania;
Consola Game Boy Color IPS LCD Q5 Nemesis Resident Evil GBC Prestige Edición ABS;282,43 EUR;+ 7,06 EUR de envío;desde Reino Unido;
Game Boy cómo jugar Nemesis;8,00 EUR;+ 1,99 EUR de envío;desde Alemania;
Game Boy Advance Pegatina Nemesis Resident Evil caso Gba retrosix Adhesivo;3,80 EUR;+ 7,06 EUR de envío;desde Reino Unido;
Nuevo anuncioBlaze Xploder Lite Nintendo Gameboy Cheat Cartucho Marioland 1+2+ Nemesis Paquete;64,71 EUR;+ 43,35 EUR de envío estimado;desde Reino Unido;
Manual De Nintendo Gameboy-Nemesis;12,89 EUR;+ 17,19 EUR de envío estimado;desde Reino Unido;
© video games Secrets Nintendo Game Boy juegos 1 dt. Batman/Double Dragon/Nemesis;24,90 EUR;+ 7,00 EUR de envío;desde Alemania;
Nemesis Nintendo Game Boy GB PAL FAH Loose;20,00 EUR;Envío no especificado;desde Francia;
Jeu Nemesis pour Nintendo Game Boy JAP Loose  - Floto Games;8,90 EUR;Envío no especificado;desde Francia;
Nemesis Nintendo Game Boy GB Jap Loose;16,00 EUR;Envío no especificado;desde Francia;
