Jeu Gameboy - Super Kick Off - Jeu Nintendo Game Boy compatible Color / Advance;3,50 EUR;+ 5,00 EUR de envío;desde Francia;
Super Kick Off Nintendo Gameboy en caja con instrucciones Vintage juego de fútbol;19,95 EUR;+ 17,31 EUR de envío estimado;desde Reino Unido;
Nintendo Gameboy Super Kick Off en Caja con Manual gwo;35,18 EUR;+ 17,64 EUR de envío estimado;desde Reino Unido;
Nintendo Gameboy En Caja Juego-Super Kick Off en muy buena condición;24,26 EUR;+ 17,40 EUR de envío estimado;desde Reino Unido;
Super Kick Off Nintendo Gameboy GBC GBA. probado y funcionando, ver fotos! en muy buen estado PAL UKV;11,73 EUR;+ 18,93 EUR de envío estimado;desde Reino Unido;
Super Kick Off - Cart - Gameboy;5,00 EUR;+ 11,00 EUR de envío;desde Países Bajos;
Super Kick Off Nintendo Gameboy genuino cartucho de juego;5,86 EUR;+ 17,01 EUR de envío estimado;desde Reino Unido;
Super Kick Off | Nintendo Game Boy UKV | Sin Caja;5,86 EUR;+ 17,01 EUR de envío estimado;desde Reino Unido;
Nintendo Gameboy Juegos-Super Kick Off, fútbol & Fifa Soccer 96;16,38 EUR;+ 17,23 EUR de envío estimado;desde Reino Unido;
Nintendo Game Boy Super Kick Off Notice / Instruction Manual;4,99 EUR;+ 2,75 EUR de envío;desde Francia;
Nintendo Gameboy Juegos-Dr Mario Super Kick Off tenis Gameboy Galería;19,91 EUR;+ 17,31 EUR de envío estimado;desde Reino Unido;
Super Kick Off - Cart - Gameboy;5,00 EUR;+ 11,00 EUR de envío;desde Países Bajos;
Nintendo GameBoy Juego-Super Kick Off Cartucho con Manual;18,62 EUR;Envío internacional gratis;desde Alemania;
Nintendo Gameboy Juegos-Dr Mario F1 Race Wave Race Super Kick Off;18,73 EUR;+ 17,29 EUR de envío estimado;desde Reino Unido;
Nintendo Game Boy - Super Kick Off - PAL - FAH;4,99 EUR;+ 4,60 EUR de envío;desde Francia;
Super Kick Off Nintendo Gameboy Juego;5,81 EUR;+ 17,01 EUR de envío estimado;desde Reino Unido;
Super Kick Off World Cup Nintendo Gameboy Cartucho sólo;9,38 EUR;+ 17,09 EUR de envío estimado;desde Reino Unido;
Nintendo GameBoy Juego Super Kick Off Cartucho con Manual;17,60 EUR;Envío internacional gratis;desde Alemania;
Super Kick Off - Nintendo GameBoy - NGB;4,21 EUR;+ 19,95 EUR de envío;desde Países Bajos;
Super Kick Off - Nintendo GameBoy - NGB;4,21 EUR;+ 19,95 EUR de envío;desde Países Bajos;
Nintendo GameBoy jeu - Super Kick Off cartouche avec manuel utilisé;21,99 EUR;Envío internacional gratis;desde Alemania;
Super Kick Off UKV - Nintendo GameBoy - NGB;7,61 EUR;+ 19,95 EUR de envío;desde Países Bajos;
1991 Super Kick Off Sega Genesis Game Boy SNES Vintage Promo Poster / Ad Framed;38,07 EUR;+ 15,25 EUR de envío;desde Alemania;
Super Kick Off-Cartucho De Nintendo Gameboy;17,60 EUR;+ 11,74 EUR de envío;desde Reino Unido;
Notice Mode d'emploi Instruction jeu Nintendo Console game boy Super Kick Off;10,00 EUR;+ 5,00 EUR de envío;desde Francia;
Nintendo Game Boy,Super Kick Off,OVP,CIB,Collector's State;44,90 EUR;Envío no especificado;desde Alemania;
Nintendo Game Boy Super Kick Off  GameBoy Vers. FAH ;9,90 EUR;Envío no especificado;desde Francia;
Nintendo Game Boy Juego Super Kick Off;5,86 EUR;Envío no especificado;desde Reino Unido;
Juego Super Kick Off.Nintendo Game boy.;12,00 EUR;Envío no especificado;desde España;
Nintendo Game Boy Super Kick Off complet FAH;60,00 EUR;Envío no especificado;desde Países Bajos;
Super Kick Off Game Boy 1996 Gameboy Imagineer DMG-KF-FAG;18,00 EUR;Envío no especificado;desde Italia;
