Nintendo Game Boy * Cool Hand * EMBALAJE ORIGINAL CiB instrucciones ACDX-EUR;29,95 EUR;+ 6,70 EUR de envío;desde Alemania;
Las Vegas Cool Hand Nintendo Game boy Color GBC;6,50 EUR;Envío no especificado;desde España;
Nintendo Gameboy juego-Cool Hand-Embalaje original-pal-rar-Top;89,90 EUR;Envío no especificado;desde Alemania;
Nintendo Game Boy Color Cool Hand EUR Très Bon état;4,90 EUR;+ 11,98 EUR de envío;desde Francia;
Cool Hand Poker + Tutorial - Nintendo GameBoy Classic;6,89 EUR;+ 3,99 EUR de envío;desde Alemania;
Nintendo Game Boy Color - Cool Hand - PAL - EUR;4,99 EUR;+ 4,60 EUR de envío;desde Francia;
Cool Hand Nintendo Game Boy OVP Muy bien probado;6,99 EUR;+ 9,99 EUR de envío;desde Alemania;
Nintendo GameBoy Color juego - Cool Hand en el embalaje usado;35,99 EUR;Envío internacional gratis;desde Alemania;
Cool Hand-Game Boy-Módulo de juego-Nintendo-Game Boy-muy buen estado;6,49 EUR;Envío no especificado;desde Alemania;
Las Vegas Cool Hand-Nintendo Game Boy Color-Nuevo y Sellado-EE. UU. preparado para VGA;89,00 EUR;Envío no especificado;desde Alemania;
Cool Hand (GameBoy Color);3,50 EUR;Envío no especificado;desde Alemania;
Nintendo Gameboy | Cool Hand;2,99 EUR;Envío no especificado;desde Alemania;
Las Vegas Cool Hand Luke Nintendo Game Boy Color Nueva Sellado;18,74 EUR;Envío gratis;desde Estados Unidos;
Las Vegas Cool Hand Nintendo Game Boy Color Brand New Sealed ;27,87 EUR;+ 6,97 EUR de envío;desde Canadá;
Las Vegas Cool Hand - Nintendo Game Boy Color Gameboy - Game Cart only - GBC;6,13 EUR;+ 6,27 EUR de envío;desde Canadá;
Cool Hand Nintendo Gameboy Original Game r21;11,34 EUR;+ 17,06 EUR de envío;desde Australia;
Las Vegas Cool Hand - Card Games - Game Cart - Tested - GameBoy Color;2,37 EUR;+ 11,36 EUR de envío;desde Canadá;
