Urban Strike la secuela huelga de la selva (Nintendo Gameboy) Juego Boy;5,04 EUR8,84 EUR;+ 3,80 EUR de envío;desde Estados Unidos;
Urban Strike Nintendo Game Boy Original Jungle Strike Secuela * más difícil encontrar *;10,58 EUR;Envío gratis;desde Estados Unidos;
Urban Strike-Nintendo Game Boy;22,95 EUR;+ 2,61 EUR de envío;desde Estados Unidos;
Urban Strike la secuela huelga de la selva (Game Boy, 1994) Auténtico probada! Hermoso!;12,36 EUR;Envío gratis;desde Estados Unidos;
Urban Strike Nintendo Game Boy Cartrage sólo buenas condiciones;8,83 EUR;+ 3,89 EUR de envío;desde Estados Unidos;
Urban Strike Nintendo Game Boy Muy Buen Estado;8,84 EUR;+ 3,89 EUR de envío;desde Estados Unidos;
Urban Strike-Nintendo Game Boy Video Juego-solo carro;8,79 EUR;+ 2,61 EUR de envío;desde Estados Unidos;
Urban Strike (Nintendo Gameboy) Seminuevo De Envío Gratis;12,58 EUR;Envío gratis;desde Estados Unidos;
Urban Strike Nintendo Gameboy limpio probado Auténtico Original;10,06 EUR;+ 3,93 EUR de envío;desde Estados Unidos;
Urban Strike Nintendo Game Boy Gb;114,87 EUR;+ 17,67 EUR de envío;desde México;
Urban Strike Nintendo Game Boy Manual & Poster Only Very Good Fast Shipping;3,44 EUR;+ 7,39 EUR de envío;desde Canadá;
Nintendo Game Boy Urban Strike guía de folleto de instrucciones Manual Solamente;10,59 EUR;Envío gratis;desde Estados Unidos;
Urban Strike Sega Mega Drive juego GRATIS UK FRANQUEO;19,98 EUR;+ 17,33 EUR de envío estimado;desde Reino Unido;
Sega Mega Drive Juego-Urban Strike falta el manual Raro;14,11 EUR;+ 20,97 EUR de envío estimado;desde Reino Unido;
Urban Strike Sega juego de Mega Drive;18,21 EUR;+ 25,87 EUR de envío;