Nintendo Game Boy Classic juego Popeye 2 módulo EE. UU.;29,90 EUR;+ 8,99 EUR de envío;Vendidos  30 nov 2021Artículo vendido;desde Alemania;
Popeye 2 Game Boy Nintendo Gameboy Classic pal ukv cib OVP;185,00 EUR;+ 7,35 EUR de envío;Vendidos  28 nov 2021Artículo vendido;desde Alemania;
Popeye 2 (Gameboy) | libro | estado muy bien;9,44 EUR;Envío no especificado;Vendidos  8 oct 2021Artículo vendido;desde Alemania;
Popeye 2 Juego Boy Cartucho sólo UKV-RÁPIDO GRATIS UK FRANQUEO;14,05 EUR;+ 17,15 EUR de envío estimado;Vendidos  18 sep 2021Artículo vendido;desde Reino Unido;
Popeye 2 Nintendo Game Boy Gameboy Originales Auténticos limpiado & probado!;23,33 EUR;Envío gratis;Vendidos  1 dic 2021Artículo vendido;desde Estados Unidos;
Popeye 2 II Nintendo GameBoy Carro de cartucho de juego solamente auténtico Probado Funcionando;17,72 EUR;+ 4,08 EUR de envío;Vendidos  19 nov 2021Artículo vendido;desde Estados Unidos;
Popeye 2 Nintendo Game Boy auténtico solo carro;13,25 EUR;+ 5,32 EUR de envío;Vendidos  11 nov 2021Artículo vendido;desde Estados Unidos;
Popeye 2 II Nintendo GameBoy Cartucho De Juego Y Estuche Auténtico Probado Funcionando;20,38 EUR;+ 4,25 EUR de envío;Vendidos  5 nov 2021Artículo vendido;desde Estados Unidos;
Popeye 2 II Nintendo GameBoy Carro de cartucho de juego solamente auténtico Probado Funcionando;19,49 EUR;+ 4,08 EUR de envío;Vendidos  5 oct 2021Artículo vendido;desde Estados Unidos;
Popeye 2 (Nintendo Game Boy, 1993);15,86 EUR;+ 3,95 EUR de envío;Vendidos  18 sep 2021Artículo vendido;desde Estados Unidos;
