Space Invaders Game Boy Nintendo GameBoy Classic PAL Spiel;5,32 EUR;+ 15,99 EUR de envío;desde Alemania;
Space Invaders De Vídeo Juego Para Nintendo Game Boy NTSC-J Japonés Probado;23,39 EUR;+ 17,32 EUR de envío estimado;desde Reino Unido;
Space Invaders/GameBoy NINTENDO NUEVO/tiene 9,6 a +/H Costura (criptografía);1.639,27 EUR;+ 13,29 EUR de envío;desde Francia;
Space Invaders jeu Nintendo Game Boy Classic Import Japon NTSC-J;11,99 EUR;+ 3,00 EUR de envío;desde Francia;
Nintendo Game Boy Advance GBA - Space Invaders - FRA - Notice / Instruction ;7,99 EUR;+ 3,80 EUR de envío;desde Francia;
Gameboy Color Space Invaders en Caja con Manual Gwo libre de gastos de envío del Reino Unido;23,39 EUR;+ 17,32 EUR de envío estimado;desde Reino Unido;
Nintendo Gameboy Juego-Space Invaders;18,67 EUR;+ 17,23 EUR de envío estimado;desde Reino Unido;
Space Invaders Nintendo Gameboy Color Advance Juego, Genuine!;15,20 EUR;+ 17,14 EUR de envío estimado;desde Reino Unido;
En Caja Space Invaders Nintendo Gameboy Color-completado-PAL;42,07 EUR;+ 17,73 EUR de envío estimado;desde Reino Unido;
Virtual Boy En Caja Space Invaders colección virtual;561,75 EUR;+ 43,72 EUR de envío estimado;desde Reino Unido;
Space Invaders invasión día ps2 juego 12+ Niños Niñas Taito Marron;2,33 EUR;+ 19,17 EUR de envío estimado;desde Reino Unido;
Manual Space Invaders (Game Boy Advance AGB-AIDP-UKV);6,90 EUR;+ 9,90 EUR de envío;desde España;
Nintendo Gameboy Advance Space Invaders en Caja Con Manual;18,67 EUR;+ 21,32 EUR de envío estimado;desde Reino Unido;
Notice Nintendo GB Game Boy Space Invaders FAH, Excellent état;12,90 EUR;+ 11,98 EUR de envío;desde Francia;
Space Invaders Gameboy Color..;46,81 EUR;+ 20,15 EUR de envío estimado;desde Reino Unido;
Space Invaders Nintendo Gameboy Japonés Original Cartucho De Juego DMG-Spa #2;10,52 EUR;+ 17,05 EUR de envío estimado;desde Reino Unido;
Space Invaders Nintendo Gameboy Japonés Original Cartucho De Juego DMG-Spa #1;10,52 EUR;+ 17,05 EUR de envío estimado;desde Reino Unido;
Notice Nintendo Game Boy Color Space Invaders NOE Excellent état;4,90 EUR;+ 11,98 EUR de envío;desde Francia;
Space Invaders Gameboy Color;52,66 EUR;+ 17,95 EUR de envío estimado;desde Reino Unido;
Space Invaders/GameBoy NINTENDO NEW - WATA 9,6 A +;2.149,00 EUR;+ 50,00 EUR de envío;desde Francia;
51217 inserte de instrucción-Super Game Boy Space Invaders-Nintendo Game Boy (19;7,01 EUR;+ 5,84 EUR de envío;desde Reino Unido;
Space Invaders Gameboy Advance Japón JPN Gba;175,55 EUR;+ 39,52 EUR de envío estimado;desde Reino Unido;
Juego Arcade Space Invaders Retro Temática Calcetines 5 Pares Size Uk 6-8 Regalo Para Chicos Hombres;15,73 EUR;+ 19,19 EUR de envío estimado;desde Reino Unido;
1994 Space Invaders Game Boy Super Nes Vintage Cartel Promo/AD página arte enmarcado;39,87 EUR;+ 15,05 EUR de envío;desde Alemania;
Chicos Game Over Space Invaders Algodón Corto Pijamas De 11 a 15 años;12,96 EUR;+ 6,04 EUR de envío;desde Reino Unido;
Nintendo Game Boy Folleto De Instrucciones-Space Invaders - 1994;5,84 EUR;+ 9,36 EUR de envío;desde Reino Unido;
Retro Games Space Invaders Doble Duvet del lecho Pac-Man Reversible Niños Chicos;31,54 EUR;+ 27,43 EUR de envío estimado;desde Reino Unido;
Retro Games Space Invaders individual Duvet del lecho Pac-Man Reversible Niños Chicos;23,35 EUR;+ 27,26 EUR de envío estimado;desde Reino Unido;
Quiero creer Space Invaders Camiseta juego arcade Aliens Ufo Gracioso Geek;14,03 EUR;+ 8,19 EUR de envío;desde Reino Unido;
Space Invaders-SOLO MANUAL-Nintendo Gameboy;5,25 EUR;+ 16,93 EUR de envío estimado;desde Reino Unido;
Seven 7 Feliz Cumpleaños Niño Juegos Space Invaders 7th tarjeta de cumpleaños;2,93 EUR;+ 16,89 EUR de envío estimado;desde Reino Unido;
Quiero creer Space Invaders Señoras Camiseta Alien Gracioso Geek AI Juegos Arcade;14,03 EUR;+ 8,19 EUR de envío;desde Reino Unido;
* Manual De Instrucciones Solamente * Space Invaders Nintendo Super Game Boy Gameboy;11,64 EUR;+ 17,07 EUR de envío estimado;desde Reino Unido;
* Manual De Instrucciones Solamente * Space Invaders Nintendo Game Boy Gameboy;5,79 EUR;+ 16,95 EUR de envío estimado;desde Reino Unido;
Chicos Game Over Space Invaders Algodón Corto Pijamas De 11 a 15 años;12,86 EUR;+ 5,84 EUR de envío;desde Reino Unido;
