Godzilla: dominación! - Nintendo Game Boy Advance * Auténtico * - inglés;28,35 EUR;+ 7,09 EUR de envío;desde Portugal;
Godzilla (Nintendo Game Boy, 1990) RARE ReD Version;199,95 EUR;+ 24,95 EUR de envío;desde Francia;
Godzilla Nintendo Game Boy Juego Completo Con Caja Y Manual;310,12 EUR;+ 17,72 EUR de envío;desde Alemania;
Game Boy Advance * Godzilla: dominación! * Wata 9.2 a + no VGA;1.199,95 EUR;+ 35,99 EUR de envío;desde Alemania;
Godzilla la serie Monster guerras Nintendo Game Boy Color Advance Carro Genuino;18,67 EUR;+ 7,02 EUR de envío;desde Reino Unido;
Godzilla Mattel 1St Edition per Nintendo Game boy  GBC-GBA-SP-GBPK;22,90 EUR;+ 11,90 EUR de envío;desde Italia;
Godzilla * Nintendo GameBoy * PAL UK;69,95 EUR;+ 21,00 EUR de envío;desde Países Bajos;
Nintendo Console Play Gioco Game Boy Cartuccia GameBoy DMG-GZ-ITA  Godzilla;29,00 EUR;+ 12,00 EUR de envío;desde Italia;
Nintendo Gameboy juego-Godzilla-Embalaje original-pal-Top;109,90 EUR;Envío no especificado;desde Alemania;
NINTENDO GAME BOY-Godzilla (en Caja);321,78 EUR;Envío internacional gratis;desde Reino Unido;
Nintendo Gameboy juego-Godzilla-Embalaje original-us-rar-Top;279,90 EUR;Envío no especificado;desde Alemania;
Nintendo Gameboy Godzilla en Caja con Manual gwo;152,13 EUR;+ 25,02 EUR de envío estimado;desde Reino Unido;
Nintendo Game Boy Color Godzilla EUR Très Bon état;9,90 EUR;+ 11,98 EUR de envío;desde Francia;
Godzilla Domination para GameBoy Advance SP DS Lite;29,99 EUR;+ 7,00 EUR de envío;desde Alemania;
Nintendo Game Boy Color GBC Godzilla MONSTRUO Wars PAL EUR GC cartucho sólo;13,95 EUR;+ 14,04 EUR de envío;desde Reino Unido;
Godzilla la serie + 5 en 1 juego Galería Nintendo Gameboy PAL Paquete De Carro;10,52 EUR;+ 7,61 EUR de envío;desde Reino Unido;
Godzilla (Nintendo Game Boy 2001);12,49 EUR;+ 5,00 EUR de envío;desde Alemania;
