Gameboy Krusty's Fun House;10,54 EUR;+ 14,06 EUR de envío;Vendidos  25 nov 2021Artículo vendido;desde Reino Unido;
2x Gameboy Juegos Krusty's Fun House Harry Potter trabajando GC Libre P&P;10,54 EUR;+ 17,08 EUR de envío estimado;Vendidos  19 oct 2021Artículo vendido;desde Reino Unido;
Krusty's Fun House (Nintendo Game Boy 1992) Con Manual;22,15 EUR;Envío gratis;Vendidos  29 nov 2021Artículo vendido;desde Estados Unidos;
Krusty's Fun House Nintendo Gameboy solo manual de instrucciones-Buen;11,96 EUR;Envío gratis;Vendidos  12 nov 2021Artículo vendido;desde Estados Unidos;
Krusty's Fun House (Nintendo Game Boy, 1992) Sólo Cartucho De Los Simpsons;11,52 EUR;Envío gratis;Vendidos  20 oct 2021Artículo vendido;desde Estados Unidos;
Krusty's Fun House Nintendo Game Boy 1992 Simpson Fox Video Juego Envío Gratuito;17,69 EUR;Envío gratis;Vendidos  20 oct 2021Artículo vendido;desde Estados Unidos;
Krusty's Fun House Nintendo Game Boy Gameboy Auténtico Original!;13,14 EUR;Envío gratis;Vendidos  19 oct 2021Artículo vendido;desde Estados Unidos;
Krusty's Fun House (Nintendo Game Boy 1992) Con Manual -! envío Gratis!;15,95 EUR;Envío gratis;Vendidos  8 oct 2021Artículo vendido;desde Estados Unidos;
Krusty's Fun House Nintendo Game Boy 1992 Video Juego De Los Simpsons Fox;12,41 EUR;+ 5,45 EUR de envío;Vendidos  10 sep 2021Artículo vendido;desde Estados Unidos;
Krusty's Fun House Simpsons Juego en Caja-Nintendo NES PAL;26,32 EUR;+ 17,42 EUR de envío estimado;Vendidos  21 nov 2021Artículo vendido;desde Reino Unido;
Krusty's Fun House Sega Master Sistema Completo PAL * LEER *;21,08 EUR;+ 21,40 EUR de envío estimado;Vendidos  28 sep 2021Artículo vendido;desde Reino Unido;
Krusty's Fun House Sega Master Sistema Juego Gratis P&P;29,29 EUR;+ 17,47 EUR de envío estimado;Vendidos  1 oct 2021Artículo vendido;desde Reino Unido;
Krusty's Fun House-Sega Master Sistema cartucho sólo;10,54 EUR;+ 17,08 EUR de envío estimado;Vendidos  6 sep 2021Artículo vendido;desde Reino Unido;
Krusty's Fun House tiene 9.2 a + NES! nuevo Sellado Ntsc Nintendo Simpsons no Vga CIB;3.510,10 EUR;+ 0,01 EUR de envío;Vendidos  3 nov 2021Artículo vendido;desde Reino Unido;
Krusty's Fun House para Nintendo NES;17,99 EUR;+ 9,99 EUR de envío;Vendidos  24 oct 2021Artículo vendido;desde Alemania;
Nintendo NES Juego Krusty's Fun House;15,22 EUR;Envío no especificado;Vendidos  2 dic 2021Artículo vendido;desde Reino Unido;
