Choplifter II 2 Game Module Nintendo Gameboy Classic-very good condition 2;20,99 EUR;Shipping not specified;Sold  Nov 8, 2021Sold Item;from Germany;
Notice Choplifter II FAH Nintendo Game Boy Instruction Manual Booklet NM;9,00 EUR;+5,90 EUR shipping;Sold  Nov 1, 2021Sold Item;from France;
Choplifter II 2 + Poster + Game Guide Nintendo Gameboy Classic Game Boy NOE;29,99 EUR;+7,35 EUR shipping;Sold  Oct 24, 2021Sold Item;from Germany;
Gameboy Choplifter II Boxed With Instructions Good Working Order;35,10 EUR;+19,91 EUR shipping estimate;Sold  Oct 12, 2021Sold Item;from United Kingdom;
2 x Original Nintendo Game Boy Video Games - Choplifter II & III, 2 & 3.;25,74 EUR;+17,38 EUR shipping estimate;Sold  Sep 22, 2021Sold Item;from United Kingdom;
Choplifter II Nintendo Game Boy Cleaned & Tested Authentic;15,94 EUR;Free shipping;Sold  Dec 9, 2021Sold Item;from United States;
Choplifter II: Rescue Survive Gameboy Good 2815;5,75 EUR;+4,42 EUR shipping;Sold  Dec 6, 2021Sold Item;from United States;
Choplifter II (Nintendo Game Boy, 1991). Authentic, Rare (Japan);2,76 EUR;Free International Shipping;Sold  Nov 28, 2021Sold Item;from Jamaica;
Choplifter II 2 Rescue Survive (Nintendo Gameboy, 1991) w/Cartridge & Case;16,73 EUR;Free shipping;Sold  Nov 22, 2021Sold Item;from United States;
Choplifter II (Nintendo Game Boy, 1991) Authentic Tested;12,55 EUR;+10,46 EUR shipping;Sold  Nov 15, 2021Sold Item;from Canada;
Choplifter II Nintendo Game Boy;9,72 EUR;+3,50 EUR shipping;Sold  Oct 31, 2021Sold Item;from United States;
Choplifter II (Nintendo Game Boy, 1991);12,40 EUR;+4,21 EUR shipping;Sold  Oct 20, 2021Sold Item;from United States;
Choplifter II (Nintendo Game Boy, 1991) 2 [Cart Only];13,28 EUR;Free shipping;Sold  Oct 12, 2021Sold Item;from United States;
Choplifter II (Nintendo Game Boy, 1991) 2 [Cart Only];12,40 EUR;Free shipping;Sold  Oct 7, 2021Sold Item;from United States;
Choplifter II Nintendo Game Boy GB;13,29 EUR;Free shipping;Sold  Sep 14, 2021Sold Item;