Mario's Picross Nintendo Gameboy Juego Clásico Retro Juegos/561;11,99 EUR;+ 5,00 EUR de envío;desde Alemania;
Mario's Picross. Gameboy. Complet - Boîte et notice;50,00 EUR;Envío no especificado;desde Francia;
Mario's Picross | Game Boy DMG | solo carro | ukv;29,41 EUR;+ 17,55 EUR de envío estimado;desde Reino Unido;
Mario's Picross Mario no Picross Nintendo Gameboy Juego, Japón! - DMG-apcj-JPN;5,88 EUR;+ 17,04 EUR de envío estimado;desde Reino Unido;
Nintendo GameBoy jeu - Mario's Picross cartouche avec manuel utilisé;28,99 EUR;Envío internacional gratis;desde Alemania;
Nintendo GameBoy gioco - Mario's Picross cartuccia con il manuale usato;30,99 EUR;Envío internacional gratis;desde Alemania;
1995 Mario's Picross Nintendo Game Boy Rare Promo enmarcado página de anuncio Cartel Vintage;44,45 EUR;+ 15,11 EUR de envío;desde Alemania;
Nintendo Gameboy Mario's Picross Game Boy PAL only Modul very Rare VGC;24,90 EUR;Envío no especificado;desde Austria;
Gameboy Mario's Picross. Bon état. Service de Livraison En Lettre Suivie ;32,90 EUR;Envío no especificado;desde Francia;
Nintendo GameBoy game - Mario's Picross cartridge with manual;25,30 EUR;Envío internacional gratis;desde Alemania;
Nintendo GameBoy Juego Mario's Picross Cartucho con Manual;24,70 EUR;Envío internacional gratis;desde Alemania;
Nintendo GameBoy juego - Mario's Picross cartucha con manual usado;30,99 EUR;Envío internacional gratis;desde Alemania;
