Nintendo Game Boy *Frank Thomas Big Hurt Baseball* OVP CiB Manual AFKE-USA;99,95 EUR;+Â 6,70 EUR de envÃ­o;desde Alemania;
Virtual Pro Baseball 95 Virtual Boy Nintendo-Nuevo-Libre P&P;46,64 EUR;+ 17,76 EUR de envÃ­o estimado;desde Reino Unido;
âœ¨ Baseball Game Boy 1989 1st version Nintendo Japan Complet Boxed GB DMG-BSA âœ¨;29,90 EUR;+Â 28,10 EUR de envÃ­o;desde Francia;
âœ¨ Baseball Kids Jaleco Game Boy 1990 Japan Complet Nintendo Boxed GB DMG-BKJ âœ¨;19,90 EUR;+Â 28,10 EUR de envÃ­o;desde Francia;
Nintendo Game Boy Game-roger clemens MVP Baseball-Embalaje original-us-rar-Top;129,90 EUR;EnvÃ­o no especificado;desde Alemania;
Nintendo Game Boy Classic roger clemens 'MVP Baseball con embalaje original y guÃ­a EE. UU.;99,90 EUR;+Â 36,99 EUR de envÃ­o;desde Alemania;
Nintendo Game Boy Color - All-Star Baseball 2000 - PAL - EUR;7,99 EUR;+Â 5,00 EUR de envÃ­o;desde Francia;
Baseball Game Boy Japan;5,00 EUR;+Â 10,00 EUR de envÃ­o;desde Italia;
ðŸŒŸ MVP Baseball ðŸŒŸ NINTENDO GAME BOY ðŸŒŸ COLOR ðŸŒŸ SP ðŸŒŸ GBA ðŸŒŸ UK ðŸ‡¬ ðŸ‡§ vendedor ðŸŒŸ ðŸŒŸ EnvÃ­o rÃ¡pido;10,44 EUR;+Â 13,94 EUR de envÃ­o;desde Reino Unido;
Nintendo Gameboy juego-frank thomas Big Hurt Baseball-Embalaje original-us-rar-Top;179,90 EUR;EnvÃ­o no especificado;desde Alemania;
NINTENDO GAME BOY GB - Baseball - JAPAN VERSION;32,90 EUR;+Â 19,90 EUR de envÃ­o;desde EspaÃ±a;
Nintendo Gameboy juego-ken teatro jr-Major League Baseball-Embalaje original-pal rar;199,90 EUR;EnvÃ­o no especificado;desde Alemania;
Game Boy GB:Baseball [TOP NINTENDO 1989 & 1ERE EDITION] Jap;4,90 EUR;+Â 1,80 EUR de envÃ­o;desde Francia;
Nintendo Gameboy juego-Sports Illustrated Championship football & Baseball OVP;119,90 EUR;EnvÃ­o no especificado;desde Alemania;
Jeu HIGH HEAT Baseball 2002 sur Nintendo Game Boy Advance GBA NEUF sous blister;14,90 EUR;+Â 27,00 EUR de envÃ­o;desde Francia;
