Nintendo Game Boy Advance Tom & Jerry: infurnal escape con embalaje original y guía EUR;29,90 EUR;+ 8,99 EUR de envío;desde Alemania;
Nintendo Gameboy-Tom & Jerry-VGA 85+ nm + - Embalaje original-nuevo-rar-Top;2.800,00 EUR;Envío no especificado;desde Alemania;
Tom & Jerry En infurnal Escape Nintendo Game Boy Advance GBA Juego Carro Genuino;9,90 EUR;+ 7,03 EUR de envío;desde Reino Unido;
Gameboy Advance-Tom & Jerry infurnal escape-nuevo-en su embalaje original-VGA, wata Ready;500,00 EUR;Envío no especificado;desde Alemania;
Tom & Jerry el ratón ataque gameboy color OVP cib Boxed pal GBC mouse ataca;32,90 EUR;+ 3,50 EUR de envío;desde Alemania;
Tom & Jerry Ratón ataques Nintendo Game Boy Color cartucho sólo;5,84 EUR;+ 16,96 EUR de envío estimado;desde Reino Unido;
1993 Tom & Jerry Frantic Antics! Nintendo Game Boy estados unidos Cartridge;9,95 EUR;+ 23,50 EUR de envío;desde Bélgica;
Tom & Jerry-GAMEBOY Juego-EUR;5,84 EUR;+ 16,96 EUR de envío estimado;desde Reino Unido;
Tom & Jerry-GAMEBOY Juego-EE. UU.;14,04 EUR;+ 17,13 EUR de envío estimado;desde Reino Unido;
Tom & Jerry The Magic Ring-GameBoy Advance [solo carro] - Entrega Rápida y gratis;3,50 EUR;+ 16,91 EUR de envío estimado;desde Reino Unido;
Tom & Jerry infurnal Escape (Gameboy Advance, GBA);9,37 EUR;+ 17,04 EUR de envío estimado;desde Reino Unido;
Tom & Jerry Infurnal Escape Nintendo Game Boy Advance GBA Loose;8,00 EUR;+ 35,00 EUR de envío;desde Italia;
