Total Carnage | Game Boy DMG | solo carro | ukv;19,88 EUR;+ 17,25 EUR de envío estimado;desde Reino Unido;
Total Carnage Nintendo Game Boy Color Advance Game UKV Genuine - Free P&P;21,05 EUR;+ 17,27 EUR de envío estimado;desde Reino Unido;
Total Carnage Gameboy Nintendo En Caja Original Completo PAL;234,05 EUR;+ 36,68 EUR de envío estimado;desde Reino Unido;
Total Carnage Gameboy Nintendo En Caja Original Completo PAL;175,55 EUR;+ 39,52 EUR de envío estimado;desde Reino Unido;
GAME BOY Total Carnage USA NINTENDO COLOR ADVANCE CARTOUCHE SEULE;27,00 EUR;+ 15,00 EUR de envío;desde Francia;
Nintendo Gameboy-Total Carnage UKV Pal RARO-probado!;23,39 EUR;+ 19,11 EUR de envío estimado;desde Reino Unido;
Total Carnage UKV GB RARO-Nintendo Gameboy | Cartucho sólo, Probado;23,39 EUR;+ 17,32 EUR de envío estimado;desde Reino Unido;
Nintendo Gameboy Total Carnage;29,95 EUR;+ 2,95 EUR de envío;desde Países Bajos;
Total Carnage - USA - Nintendo Gameboy Classic;22,00 EUR;+ 25,00 EUR de envío;desde Países Bajos;
Total Carnage-Nintendo Gameboy Game Boy juego módulo con funda;34,99 EUR;+ 8,50 EUR de envío;desde Alemania;
Gameboy Total Carnage;52,65 EUR;+ 17,55 EUR de envío;desde Reino Unido;
Total Carnage USA - Nintendo GameBoy - NGB;21,56 EUR;+ 19,95 EUR de envío;desde Países Bajos;
Total Carnage Original Nintendo Gameboy Game Tested Authentic W/ Manual Mint;49,00 EUR;+ 12,00 EUR de envío;desde Países Bajos;
* Auténtico * Total Carnage (Nintendo Game Boy, 1992) * solo Cartucho *;22,14 EUR;+ 4,21 EUR de envío;desde Estados Unidos;
Total Carnage Original Nintendo Gameboy Juego probado + + trabajo & Auténtico;28,35 EUR;Envío gratis;desde Estados Unidos;
Total Carnage Con Estuche Nintendo Game Boy limpiado & probado Auténtico;26,57 EUR;Envío gratis;desde Estados Unidos;
Total Carnage Nintendo Gameboy Auténtico Original Caja Manual Completo Raro;176,33 EUR;+ 12,98 EUR de envío;desde Estados Unidos;
Total Carnage Nintendo Gameboy Auténtico Original Caja Manual Completo Raro;242,43 EUR;+ 6,25 EUR de envío;desde Estados Unidos;
Game Boy Total Carnage;310,13 EUR;+ 17,72 EUR de envío;desde México;
Total Carnage Snes Gameboy Sega Cd Genesis | 1993 Vintage Juego cartel de anuncio impreso;13,25 EUR;Envío gratis;desde Estados Unidos;
Vintage 1993 Super Nintendo Entertainment System Snes Total Carnage Juego En Caja;58,50 EUR;+ 17,54 EUR de envío;desde Reino Unido;
Total Carnage amiga 1200 juego por hielo Nuevo Sellado;64,36 EUR;+ 37,13 EUR de envío estimado;desde Reino Unido;
